<?xml version="1.0" encoding="UTF-8"?><shop width="2470" wallAssetId="31119" floorAssetId="31104">
    <shopItems>
    		<shopItem assetId="6742" pricetagPlacementCoordinates="1,0,0,1,-372.85,-241.2" assetPlacementCoordinates="1,0,0,1,1314,238" zIndex="0" showPrice="1" dontSell="0" phaseOut="0" description="" />
    		<shopItem assetId="6742" pricetagPlacementCoordinates="1,0,0,1,-372.85,-241.2" assetPlacementCoordinates="1,0,0,1,606,238" zIndex="1" showPrice="1" dontSell="0" phaseOut="0" description="" />
    		<shopItem assetId="6742" pricetagPlacementCoordinates="1,0,0,1,-372.85,-241.2" assetPlacementCoordinates="1,0,0,1,1882,238" zIndex="2" showPrice="1" dontSell="0" phaseOut="0" description="" />
    		<shopItem assetId="23641" pricetagPlacementCoordinates="1,0,0,1,0,0" assetPlacementCoordinates="1,0,0,1,1264,317" zIndex="3" showPrice="1" dontSell="0" phaseOut="0" description="" />
    		<shopItem assetId="23640" pricetagPlacementCoordinates="1,0,0,1,0,0" assetPlacementCoordinates="1,0,0,1,1124,317" zIndex="4" showPrice="1" dontSell="0" phaseOut="0" description="" />
    		<shopItem assetId="23641" pricetagPlacementCoordinates="1,0,0,1,0,0" assetPlacementCoordinates="1,0,0,1,2152,325" zIndex="5" showPrice="1" dontSell="0" phaseOut="0" description="" />
    		<shopItem assetId="23640" pricetagPlacementCoordinates="1,0,0,1,0,0" assetPlacementCoordinates="1,0,0,1,1995,326" zIndex="6" showPrice="1" dontSell="0" phaseOut="0" description="" />
    		<shopItem assetId="23639" pricetagPlacementCoordinates="1,0,0,1,0,0" assetPlacementCoordinates="1,0,0,1,1843,326" zIndex="7" showPrice="1" dontSell="0" phaseOut="0" description="" />
    		<shopItem assetId="37630" pricetagPlacementCoordinates="1,0,0,1,0,0" assetPlacementCoordinates="1,0,0,1,2127,298" zIndex="8" showPrice="1" dontSell="0" phaseOut="0" description="" />
    		<shopItem assetId="37630" pricetagPlacementCoordinates="1,0,0,1,0,0" assetPlacementCoordinates="1,0,0,1,1995,211" zIndex="9" showPrice="1" dontSell="0" phaseOut="0" description="" />
    		<shopItem assetId="37630" pricetagPlacementCoordinates="1,0,0,1,0,0" assetPlacementCoordinates="1,0,0,1,1870,302" zIndex="10" showPrice="1" dontSell="0" phaseOut="0" description="" />
    		<shopItem assetId="23640" pricetagPlacementCoordinates="1,0,0,1,0,0" assetPlacementCoordinates="1,0,0,1,1038,317" zIndex="11" showPrice="1" dontSell="0" phaseOut="0" description="" />
    		<shopItem assetId="23640" pricetagPlacementCoordinates="1,0,0,1,0,0" assetPlacementCoordinates="1,0,0,1,866,317" zIndex="12" showPrice="1" dontSell="0" phaseOut="0" description="" />
    		<shopItem assetId="23639" pricetagPlacementCoordinates="1,0,0,1,0,0" assetPlacementCoordinates="1,0,0,1,711,318" zIndex="13" showPrice="1" dontSell="0" phaseOut="0" description="" />
    		<shopItem assetId="37630" pricetagPlacementCoordinates="1,0,0,1,0,0" assetPlacementCoordinates="1,0,0,1,904,200" zIndex="14" showPrice="1" dontSell="0" phaseOut="0" description="" />
    		<shopItem assetId="37630" pricetagPlacementCoordinates="1,0,0,1,0,0" assetPlacementCoordinates="1,0,0,1,752,298" zIndex="15" showPrice="1" dontSell="0" phaseOut="0" description="" />
    		<shopItem assetId="3395" pricetagPlacementCoordinates="1,0,0,1,0,0" assetPlacementCoordinates="1,0,0,1,379,100" zIndex="16" showPrice="1" dontSell="0" phaseOut="0" description="" />
    		<shopItem assetId="37630" pricetagPlacementCoordinates="1,0,0,1,0,0" assetPlacementCoordinates="1,0,0,1,1229,196" zIndex="17" showPrice="1" dontSell="0" phaseOut="0" description="" />
    		<shopItem assetId="37630" pricetagPlacementCoordinates="1,0,0,1,0,0" assetPlacementCoordinates="1,0,0,1,1056,299" zIndex="18" showPrice="1" dontSell="0" phaseOut="0" description="" />
    		<shopItem assetId="3403" pricetagPlacementCoordinates="1,0,0,1,-98.1,-112.8" assetPlacementCoordinates="1,0,0,1,1665,172" zIndex="19" showPrice="1" dontSell="0" phaseOut="0" description="" />
    		<shopItem assetId="3394" pricetagPlacementCoordinates="1,0,0,1,-97.25,-111.15" assetPlacementCoordinates="1,0,0,1,1442,175" zIndex="20" showPrice="1" dontSell="0" phaseOut="0" description="" />
    		<shopItem assetId="9637" pricetagPlacementCoordinates="1,0,0,1,0,0" assetPlacementCoordinates="1,0,0,1,519,310" zIndex="21" showPrice="1" dontSell="0" phaseOut="0" description="" />
    		<shopItem assetId="3400" pricetagPlacementCoordinates="1,0,0,1,-152.05,-108.75" assetPlacementCoordinates="1,0,0,1,472,380.75" zIndex="22" showPrice="1" dontSell="0" phaseOut="0" description="" />
    		<shopItem assetId="3372" pricetagPlacementCoordinates="1.25,0,0,1.25,0,0" assetPlacementCoordinates="0.79998779296875,0,0,0.79998779296875,1229,139" zIndex="23" showPrice="1" dontSell="0" phaseOut="0" description="" />
    		<shopItem assetId="3416" pricetagPlacementCoordinates="1.25,0,0,1.25,40,40" assetPlacementCoordinates="0.79998779296875,0,0,0.79998779296875,753,248" zIndex="24" showPrice="1" dontSell="0" phaseOut="0" description="" />
    		<shopItem assetId="6380" pricetagPlacementCoordinates="1.25,0,0,1.25,0,0" assetPlacementCoordinates="0.79998779296875,0,0,0.79998779296875,1061,285" zIndex="25" showPrice="1" dontSell="0" phaseOut="0" description="" />
    		<shopItem assetId="3388" pricetagPlacementCoordinates="1.25,0,0,1.25,-52.5,-115" assetPlacementCoordinates="0.79998779296875,0,0,0.79998779296875,1867,208" zIndex="26" showPrice="1" dontSell="0" phaseOut="0" description="" />
    		<shopItem assetId="15804" pricetagPlacementCoordinates="1.25,0,0,1.25,-103.75,-115" assetPlacementCoordinates="0.79998779296875,0,0,0.79998779296875,1995,136" zIndex="27" showPrice="1" dontSell="0" phaseOut="0" description="" />
    		<shopItem assetId="3859" pricetagPlacementCoordinates="1.25,0,0,1.25,53.75,-116.25" assetPlacementCoordinates="0.79998779296875,0,0,0.79998779296875,2126,209" zIndex="28" showPrice="1" dontSell="0" phaseOut="0" description="" />
    		<shopItem assetId="3865" pricetagPlacementCoordinates="1.25,0,0,1.25,0,30" assetPlacementCoordinates="0.79998779296875,0,0,0.79998779296875,906,152" zIndex="29" showPrice="1" dontSell="0" phaseOut="0" description="" />
        </shopItems>

    <shopCollapsibleAreas>
        </shopCollapsibleAreas>
</shop>
