<?xml version="1.0" encoding="UTF-8"?><shop width="2670" wallAssetId="31119" floorAssetId="31104">
    <shopItems>
    		<shopItem assetId="259" pricetagPlacementCoordinates="1,0,0,1,0,0" assetPlacementCoordinates="1,0,0,1,779,351" zIndex="0" showPrice="1" dontSell="0" phaseOut="0" description="" />
    		<shopItem assetId="12185" pricetagPlacementCoordinates="1,0,0,1,23,12" assetPlacementCoordinates="1,0,0,1,989,347" zIndex="1" showPrice="1" dontSell="0" phaseOut="0" description="" />
    		<shopItem assetId="1782" pricetagPlacementCoordinates="1,0,0,1,-111,-91" assetPlacementCoordinates="1,0,0,1,994,170" zIndex="2" showPrice="1" dontSell="0" phaseOut="0" description="" />
    		<shopItem assetId="1796" pricetagPlacementCoordinates="1,0,0,1,-140,-137" assetPlacementCoordinates="1,0,0,1,1320,208" zIndex="3" showPrice="1" dontSell="0" phaseOut="0" description="" />
    		<shopItem assetId="12183" pricetagPlacementCoordinates="1,0,0,1,140,-137" assetPlacementCoordinates="1,0,0,1,1329,336" zIndex="4" showPrice="1" dontSell="0" phaseOut="0" description="" />
    		<shopItem assetId="2141" pricetagPlacementCoordinates="1,0,0,1,55,-38" assetPlacementCoordinates="1,0,0,1,1213,293" zIndex="5" showPrice="1" dontSell="0" phaseOut="0" description="" />
    		<shopItem assetId="22990" pricetagPlacementCoordinates="1,0,0,1,204,-51" assetPlacementCoordinates="1,0,0,1,1306,439" zIndex="6" showPrice="1" dontSell="0" phaseOut="0" description="" />
    		<shopItem assetId="2435" pricetagPlacementCoordinates="1,0,0,1,46,-272" assetPlacementCoordinates="1,0,0,1,1542,356" zIndex="7" showPrice="1" dontSell="0" phaseOut="0" description="" />
    		<shopItem assetId="6165" pricetagPlacementCoordinates="1,0,0,1,32,-90" assetPlacementCoordinates="1,0,0,1,1000,296" zIndex="8" showPrice="1" dontSell="0" phaseOut="0" description="" />
    		<shopItem assetId="6031" pricetagPlacementCoordinates="1,0,0,1,6,-3" assetPlacementCoordinates="1,0,0,1,1673,352" zIndex="9" showPrice="1" dontSell="0" phaseOut="0" description="" />
    		<shopItem assetId="58" pricetagPlacementCoordinates="1,0,0,1,2,-58" assetPlacementCoordinates="1,0,0,1,1676,331" zIndex="10" showPrice="1" dontSell="0" phaseOut="0" description="" />
    		<shopItem assetId="27063" pricetagPlacementCoordinates="1,0,0,1,39,-139" assetPlacementCoordinates="1,0,0,1,1696,258" zIndex="11" showPrice="1" dontSell="0" phaseOut="0" description="" />
    		<shopItem assetId="948" pricetagPlacementCoordinates="1,0,0,1,0,0" assetPlacementCoordinates="1,0,0,1,403,84" zIndex="12" showPrice="1" dontSell="0" phaseOut="0" description="" />
    		<shopItem assetId="923" pricetagPlacementCoordinates="1,0,0,1,0,0" assetPlacementCoordinates="1,0,0,1,1883,352" zIndex="13" showPrice="1" dontSell="0" phaseOut="0" description="" />
    		<shopItem assetId="37104" pricetagPlacementCoordinates="1,0,0,1,0,0" assetPlacementCoordinates="1,0,0,1,554,295" zIndex="14" showPrice="1" dontSell="0" phaseOut="0" description="" />
    		<shopItem assetId="947" pricetagPlacementCoordinates="1,0,0,1,0,0" assetPlacementCoordinates="1,0,0,1,509,340" zIndex="15" showPrice="1" dontSell="0" phaseOut="0" description="" />
    		<shopItem assetId="761" pricetagPlacementCoordinates="1,0,0,1,-2,-201" assetPlacementCoordinates="1,0,0,1,2160,324" zIndex="16" showPrice="1" dontSell="0" phaseOut="0" description="" />
        </shopItems>

    <shopCollapsibleAreas>
        </shopCollapsibleAreas>
</shop>
