<?xml version="1.0" encoding="UTF-8"?><collections>
                    <collection id="1" name="Shower Collection" enabled="1" probability="100" displayOrder="11" iconAssetId="0" >
            <collectionItems>
                            <collectionItem id="1" assetId="31997" />
                            <collectionItem id="2" assetId="31994" />
                            <collectionItem id="3" assetId="31995" />
                            <collectionItem id="4" assetId="31996" />
                            <collectionItem id="5" assetId="31993" />
                        </collectionItems>
            <collectionAwards>
                            <collectionAward iconAssetId="0" name="" revealLevel="0" awardId="19492"/>
                            <collectionAward iconAssetId="0" name="" revealLevel="0" awardId=""/>
                            <collectionAward iconAssetId="0" name="" revealLevel="0" awardId=""/>
                            <collectionAward iconAssetId="0" name="" revealLevel="0" awardId=""/>
                            <collectionAward iconAssetId="0" name="" revealLevel="0" awardId=""/>
                        </collectionAwards>
        </collection>
                    <collection id="2" name="Teddy Bear Collection" enabled="1" probability="50" displayOrder="12" iconAssetId="0" >
            <collectionItems>
                            <collectionItem id="6" assetId="31971" />
                            <collectionItem id="7" assetId="31975" />
                            <collectionItem id="8" assetId="31974" />
                            <collectionItem id="9" assetId="31973" />
                            <collectionItem id="10" assetId="31972" />
                        </collectionItems>
            <collectionAwards>
                            <collectionAward iconAssetId="0" name="" revealLevel="0" awardId="19493"/>
                            <collectionAward iconAssetId="0" name="" revealLevel="0" awardId=""/>
                            <collectionAward iconAssetId="0" name="" revealLevel="0" awardId=""/>
                            <collectionAward iconAssetId="0" name="" revealLevel="0" awardId=""/>
                            <collectionAward iconAssetId="0" name="" revealLevel="0" awardId=""/>
                        </collectionAwards>
        </collection>
                    <collection id="3" name="Fitness Collection" enabled="1" probability="100" displayOrder="13" iconAssetId="0" >
            <collectionItems>
                            <collectionItem id="11" assetId="32077" />
                            <collectionItem id="12" assetId="32078" />
                            <collectionItem id="13" assetId="32079" />
                            <collectionItem id="14" assetId="32080" />
                            <collectionItem id="15" assetId="32081" />
                        </collectionItems>
            <collectionAwards>
                            <collectionAward iconAssetId="0" name="" revealLevel="0" awardId="19494"/>
                            <collectionAward iconAssetId="0" name="" revealLevel="0" awardId=""/>
                            <collectionAward iconAssetId="0" name="" revealLevel="0" awardId=""/>
                            <collectionAward iconAssetId="0" name="" revealLevel="0" awardId=""/>
                            <collectionAward iconAssetId="0" name="" revealLevel="0" awardId=""/>
                        </collectionAwards>
        </collection>
                    <collection id="4" name="Water Bottle Collection" enabled="1" probability="100" displayOrder="14" iconAssetId="0" >
            <collectionItems>
                            <collectionItem id="16" assetId="32088" />
                            <collectionItem id="17" assetId="32089" />
                            <collectionItem id="18" assetId="32090" />
                            <collectionItem id="19" assetId="32091" />
                            <collectionItem id="20" assetId="32092" />
                        </collectionItems>
            <collectionAwards>
                            <collectionAward iconAssetId="0" name="" revealLevel="0" awardId="19495"/>
                            <collectionAward iconAssetId="0" name="" revealLevel="0" awardId=""/>
                            <collectionAward iconAssetId="0" name="" revealLevel="0" awardId=""/>
                            <collectionAward iconAssetId="0" name="" revealLevel="0" awardId=""/>
                            <collectionAward iconAssetId="0" name="" revealLevel="0" awardId=""/>
                        </collectionAwards>
        </collection>
                    <collection id="5" name="Magazine Collection" enabled="1" probability="100" displayOrder="15" iconAssetId="0" >
            <collectionItems>
                            <collectionItem id="21" assetId="32093" />
                            <collectionItem id="22" assetId="32094" />
                            <collectionItem id="23" assetId="32095" />
                            <collectionItem id="24" assetId="32096" />
                            <collectionItem id="25" assetId="32097" />
                        </collectionItems>
            <collectionAwards>
                            <collectionAward iconAssetId="0" name="" revealLevel="0" awardId="19496"/>
                            <collectionAward iconAssetId="0" name="" revealLevel="0" awardId=""/>
                            <collectionAward iconAssetId="0" name="" revealLevel="0" awardId=""/>
                            <collectionAward iconAssetId="0" name="" revealLevel="0" awardId=""/>
                            <collectionAward iconAssetId="0" name="" revealLevel="0" awardId=""/>
                        </collectionAwards>
        </collection>
                    <collection id="6" name="Toy Collection" enabled="1" probability="100" displayOrder="18" iconAssetId="0" >
            <collectionItems>
                            <collectionItem id="26" assetId="32253" />
                            <collectionItem id="27" assetId="32254" />
                            <collectionItem id="28" assetId="32255" />
                            <collectionItem id="29" assetId="32256" />
                            <collectionItem id="30" assetId="32257" />
                        </collectionItems>
            <collectionAwards>
                            <collectionAward iconAssetId="0" name="" revealLevel="0" awardId="19497"/>
                            <collectionAward iconAssetId="0" name="" revealLevel="0" awardId=""/>
                            <collectionAward iconAssetId="0" name="" revealLevel="0" awardId=""/>
                            <collectionAward iconAssetId="0" name="" revealLevel="0" awardId=""/>
                            <collectionAward iconAssetId="0" name="" revealLevel="0" awardId=""/>
                        </collectionAwards>
        </collection>
                    <collection id="7" name="Karate Belt Collection" enabled="1" probability="100" displayOrder="17" iconAssetId="0" >
            <collectionItems>
                            <collectionItem id="31" assetId="32069" />
                            <collectionItem id="32" assetId="32070" />
                            <collectionItem id="33" assetId="32071" />
                            <collectionItem id="34" assetId="32072" />
                            <collectionItem id="35" assetId="32073" />
                        </collectionItems>
            <collectionAwards>
                            <collectionAward iconAssetId="0" name="" revealLevel="0" awardId="19498"/>
                            <collectionAward iconAssetId="0" name="" revealLevel="0" awardId=""/>
                            <collectionAward iconAssetId="0" name="" revealLevel="0" awardId=""/>
                            <collectionAward iconAssetId="0" name="" revealLevel="0" awardId=""/>
                            <collectionAward iconAssetId="0" name="" revealLevel="0" awardId=""/>
                        </collectionAwards>
        </collection>
                    <collection id="8" name="Beauty Collection" enabled="1" probability="50" displayOrder="16" iconAssetId="0" >
            <collectionItems>
                            <collectionItem id="36" assetId="32064" />
                            <collectionItem id="37" assetId="32065" />
                            <collectionItem id="38" assetId="32066" />
                            <collectionItem id="39" assetId="32067" />
                            <collectionItem id="40" assetId="32068" />
                        </collectionItems>
            <collectionAwards>
                            <collectionAward iconAssetId="0" name="" revealLevel="0" awardId="19499"/>
                            <collectionAward iconAssetId="0" name="" revealLevel="0" awardId=""/>
                            <collectionAward iconAssetId="0" name="" revealLevel="0" awardId=""/>
                            <collectionAward iconAssetId="0" name="" revealLevel="0" awardId=""/>
                            <collectionAward iconAssetId="0" name="" revealLevel="0" awardId=""/>
                        </collectionAwards>
        </collection>
                    <collection id="9" name="Ball Sports Collection" enabled="1" probability="100" displayOrder="19" iconAssetId="0" >
            <collectionItems>
                            <collectionItem id="41" assetId="32043" />
                            <collectionItem id="42" assetId="32044" />
                            <collectionItem id="43" assetId="32045" />
                            <collectionItem id="44" assetId="32046" />
                            <collectionItem id="45" assetId="32047" />
                        </collectionItems>
            <collectionAwards>
                            <collectionAward iconAssetId="0" name="" revealLevel="0" awardId="19500"/>
                            <collectionAward iconAssetId="0" name="" revealLevel="0" awardId=""/>
                            <collectionAward iconAssetId="0" name="" revealLevel="0" awardId=""/>
                            <collectionAward iconAssetId="0" name="" revealLevel="0" awardId=""/>
                            <collectionAward iconAssetId="0" name="" revealLevel="0" awardId=""/>
                        </collectionAwards>
        </collection>
                    <collection id="10" name="Vitamins Collection" enabled="1" probability="100" displayOrder="20" iconAssetId="0" >
            <collectionItems>
                            <collectionItem id="46" assetId="32048" />
                            <collectionItem id="47" assetId="32049" />
                            <collectionItem id="48" assetId="32050" />
                            <collectionItem id="49" assetId="32051" />
                            <collectionItem id="50" assetId="32052" />
                        </collectionItems>
            <collectionAwards>
                            <collectionAward iconAssetId="0" name="" revealLevel="0" awardId="19501"/>
                            <collectionAward iconAssetId="0" name="" revealLevel="0" awardId=""/>
                            <collectionAward iconAssetId="0" name="" revealLevel="0" awardId=""/>
                            <collectionAward iconAssetId="0" name="" revealLevel="0" awardId=""/>
                            <collectionAward iconAssetId="0" name="" revealLevel="0" awardId=""/>
                        </collectionAwards>
        </collection>
                    <collection id="11" name="Soccer Collection" enabled="1" probability="100" displayOrder="21" iconAssetId="0" >
            <collectionItems>
                            <collectionItem id="51" assetId="32267" />
                            <collectionItem id="52" assetId="32266" />
                            <collectionItem id="53" assetId="32265" />
                            <collectionItem id="54" assetId="32264" />
                            <collectionItem id="55" assetId="32263" />
                        </collectionItems>
            <collectionAwards>
                            <collectionAward iconAssetId="0" name="" revealLevel="0" awardId="19502"/>
                            <collectionAward iconAssetId="0" name="" revealLevel="0" awardId=""/>
                            <collectionAward iconAssetId="0" name="" revealLevel="0" awardId=""/>
                            <collectionAward iconAssetId="0" name="" revealLevel="0" awardId=""/>
                            <collectionAward iconAssetId="0" name="" revealLevel="0" awardId=""/>
                        </collectionAwards>
        </collection>
                    <collection id="12" name="Space Collection" enabled="1" probability="100" displayOrder="22" iconAssetId="0" >
            <collectionItems>
                            <collectionItem id="56" assetId="32323" />
                            <collectionItem id="57" assetId="32324" />
                            <collectionItem id="58" assetId="32325" />
                            <collectionItem id="59" assetId="32326" />
                            <collectionItem id="60" assetId="32327" />
                        </collectionItems>
            <collectionAwards>
                            <collectionAward iconAssetId="0" name="" revealLevel="0" awardId="19503"/>
                            <collectionAward iconAssetId="0" name="" revealLevel="0" awardId=""/>
                            <collectionAward iconAssetId="0" name="" revealLevel="0" awardId=""/>
                            <collectionAward iconAssetId="0" name="" revealLevel="0" awardId=""/>
                            <collectionAward iconAssetId="0" name="" revealLevel="0" awardId=""/>
                        </collectionAwards>
        </collection>
                    <collection id="13" name="Juice Collection" enabled="1" probability="100" displayOrder="9" iconAssetId="0" >
            <collectionItems>
                            <collectionItem id="61" assetId="32293" />
                            <collectionItem id="62" assetId="32294" />
                            <collectionItem id="63" assetId="32295" />
                            <collectionItem id="64" assetId="32296" />
                            <collectionItem id="65" assetId="32297" />
                        </collectionItems>
            <collectionAwards>
                            <collectionAward iconAssetId="0" name="" revealLevel="0" awardId="19504"/>
                            <collectionAward iconAssetId="0" name="" revealLevel="0" awardId=""/>
                            <collectionAward iconAssetId="0" name="" revealLevel="0" awardId=""/>
                            <collectionAward iconAssetId="0" name="" revealLevel="0" awardId=""/>
                            <collectionAward iconAssetId="0" name="" revealLevel="0" awardId=""/>
                        </collectionAwards>
        </collection>
                    <collection id="14" name="Sandwich Collection" enabled="1" probability="100" displayOrder="8" iconAssetId="0" >
            <collectionItems>
                            <collectionItem id="66" assetId="32298" />
                            <collectionItem id="67" assetId="32299" />
                            <collectionItem id="68" assetId="32300" />
                            <collectionItem id="69" assetId="32301" />
                            <collectionItem id="70" assetId="32302" />
                        </collectionItems>
            <collectionAwards>
                            <collectionAward iconAssetId="0" name="" revealLevel="0" awardId="19505"/>
                            <collectionAward iconAssetId="0" name="" revealLevel="0" awardId=""/>
                            <collectionAward iconAssetId="0" name="" revealLevel="0" awardId=""/>
                            <collectionAward iconAssetId="0" name="" revealLevel="0" awardId=""/>
                            <collectionAward iconAssetId="0" name="" revealLevel="0" awardId=""/>
                        </collectionAwards>
        </collection>
                            <collection id="16" name="Circus collection" enabled="1" probability="100" displayOrder="23" iconAssetId="0" >
            <collectionItems>
                            <collectionItem id="76" assetId="32283" />
                            <collectionItem id="77" assetId="32284" />
                            <collectionItem id="78" assetId="32285" />
                            <collectionItem id="79" assetId="32286" />
                            <collectionItem id="80" assetId="32287" />
                        </collectionItems>
            <collectionAwards>
                            <collectionAward iconAssetId="0" name="" revealLevel="0" awardId="19507"/>
                            <collectionAward iconAssetId="0" name="" revealLevel="0" awardId=""/>
                            <collectionAward iconAssetId="0" name="" revealLevel="0" awardId=""/>
                            <collectionAward iconAssetId="0" name="" revealLevel="0" awardId=""/>
                            <collectionAward iconAssetId="0" name="" revealLevel="0" awardId=""/>
                        </collectionAwards>
        </collection>
                    <collection id="17" name="Pillow Fight Collection" enabled="1" probability="100" displayOrder="10" iconAssetId="0" >
            <collectionItems>
                            <collectionItem id="81" assetId="32278" />
                            <collectionItem id="82" assetId="32279" />
                            <collectionItem id="83" assetId="32280" />
                            <collectionItem id="84" assetId="32281" />
                            <collectionItem id="85" assetId="32282" />
                        </collectionItems>
            <collectionAwards>
                            <collectionAward iconAssetId="0" name="" revealLevel="0" awardId="19508"/>
                            <collectionAward iconAssetId="0" name="" revealLevel="0" awardId=""/>
                            <collectionAward iconAssetId="0" name="" revealLevel="0" awardId=""/>
                            <collectionAward iconAssetId="0" name="" revealLevel="0" awardId=""/>
                            <collectionAward iconAssetId="0" name="" revealLevel="0" awardId=""/>
                        </collectionAwards>
        </collection>
                    <collection id="18" name="Super Soaker Collection" enabled="1" probability="100" displayOrder="24" iconAssetId="0" >
            <collectionItems>
                            <collectionItem id="86" assetId="32273" />
                            <collectionItem id="87" assetId="32274" />
                            <collectionItem id="88" assetId="32275" />
                            <collectionItem id="89" assetId="32276" />
                            <collectionItem id="90" assetId="32277" />
                        </collectionItems>
            <collectionAwards>
                            <collectionAward iconAssetId="0" name="" revealLevel="0" awardId="19509"/>
                            <collectionAward iconAssetId="0" name="" revealLevel="0" awardId=""/>
                            <collectionAward iconAssetId="0" name="" revealLevel="0" awardId=""/>
                            <collectionAward iconAssetId="0" name="" revealLevel="0" awardId=""/>
                            <collectionAward iconAssetId="0" name="" revealLevel="0" awardId=""/>
                        </collectionAwards>
        </collection>
                    <collection id="19" name="Wheel Toy Collection" enabled="1" probability="100" displayOrder="25" iconAssetId="0" >
            <collectionItems>
                            <collectionItem id="91" assetId="32258" />
                            <collectionItem id="92" assetId="32259" />
                            <collectionItem id="93" assetId="32260" />
                            <collectionItem id="94" assetId="32261" />
                            <collectionItem id="95" assetId="32262" />
                        </collectionItems>
            <collectionAwards>
                            <collectionAward iconAssetId="0" name="" revealLevel="0" awardId="19510"/>
                            <collectionAward iconAssetId="0" name="" revealLevel="0" awardId=""/>
                            <collectionAward iconAssetId="0" name="" revealLevel="0" awardId=""/>
                            <collectionAward iconAssetId="0" name="" revealLevel="0" awardId=""/>
                            <collectionAward iconAssetId="0" name="" revealLevel="0" awardId=""/>
                        </collectionAwards>
        </collection>
                    <collection id="20" name="Play Ball Collection" enabled="1" probability="100" displayOrder="26" iconAssetId="0" >
            <collectionItems>
                            <collectionItem id="96" assetId="32268" />
                            <collectionItem id="97" assetId="32269" />
                            <collectionItem id="98" assetId="32270" />
                            <collectionItem id="99" assetId="32271" />
                            <collectionItem id="100" assetId="32272" />
                        </collectionItems>
            <collectionAwards>
                            <collectionAward iconAssetId="0" name="" revealLevel="0" awardId="19511"/>
                            <collectionAward iconAssetId="0" name="" revealLevel="0" awardId=""/>
                            <collectionAward iconAssetId="0" name="" revealLevel="0" awardId=""/>
                            <collectionAward iconAssetId="0" name="" revealLevel="0" awardId=""/>
                            <collectionAward iconAssetId="0" name="" revealLevel="0" awardId=""/>
                        </collectionAwards>
        </collection>
                            <collection id="22" name="Gems Collections" enabled="1" probability="100" displayOrder="0" iconAssetId="0" >
            <collectionItems>
                            <collectionItem id="106" assetId="33059" />
                            <collectionItem id="107" assetId="33060" />
                            <collectionItem id="108" assetId="33061" />
                            <collectionItem id="109" assetId="33062" />
                            <collectionItem id="110" assetId="33063" />
                        </collectionItems>
            <collectionAwards>
                            <collectionAward iconAssetId="0" name="" revealLevel="1" awardId="19513"/>
                            <collectionAward iconAssetId="0" name="" revealLevel="0" awardId=""/>
                            <collectionAward iconAssetId="0" name="" revealLevel="0" awardId=""/>
                            <collectionAward iconAssetId="0" name="" revealLevel="0" awardId=""/>
                            <collectionAward iconAssetId="0" name="" revealLevel="0" awardId=""/>
                        </collectionAwards>
        </collection>
                    <collection id="23" name="Cleaning Collection" enabled="1" probability="50" displayOrder="3" iconAssetId="0" >
            <collectionItems>
                            <collectionItem id="111" assetId="33118" />
                            <collectionItem id="112" assetId="33119" />
                            <collectionItem id="113" assetId="33120" />
                            <collectionItem id="114" assetId="33117" />
                            <collectionItem id="115" assetId="33121" />
                        </collectionItems>
            <collectionAwards>
                            <collectionAward iconAssetId="0" name="" revealLevel="0" awardId="19514"/>
                            <collectionAward iconAssetId="0" name="" revealLevel="0" awardId=""/>
                            <collectionAward iconAssetId="0" name="" revealLevel="0" awardId=""/>
                            <collectionAward iconAssetId="0" name="" revealLevel="0" awardId=""/>
                            <collectionAward iconAssetId="0" name="" revealLevel="0" awardId=""/>
                        </collectionAwards>
        </collection>
                            <collection id="25" name="Cooking Collection" enabled="1" probability="50" displayOrder="2" iconAssetId="0" >
            <collectionItems>
                            <collectionItem id="121" assetId="38956" />
                            <collectionItem id="122" assetId="38955" />
                            <collectionItem id="123" assetId="38957" />
                            <collectionItem id="124" assetId="38954" />
                            <collectionItem id="125" assetId="38958" />
                        </collectionItems>
            <collectionAwards>
                            <collectionAward iconAssetId="0" name="" revealLevel="0" awardId="19516"/>
                            <collectionAward iconAssetId="0" name="" revealLevel="0" awardId=""/>
                            <collectionAward iconAssetId="0" name="" revealLevel="0" awardId=""/>
                            <collectionAward iconAssetId="0" name="" revealLevel="0" awardId=""/>
                            <collectionAward iconAssetId="0" name="" revealLevel="0" awardId=""/>
                        </collectionAwards>
        </collection>
                    <collection id="26" name="Social Collection" enabled="1" probability="100" displayOrder="4" iconAssetId="0" >
            <collectionItems>
                            <collectionItem id="126" assetId="39153" />
                            <collectionItem id="127" assetId="39152" />
                            <collectionItem id="128" assetId="39151" />
                            <collectionItem id="129" assetId="39150" />
                            <collectionItem id="130" assetId="39149" />
                        </collectionItems>
            <collectionAwards>
                            <collectionAward iconAssetId="0" name="" revealLevel="0" awardId="19517"/>
                            <collectionAward iconAssetId="0" name="" revealLevel="0" awardId=""/>
                            <collectionAward iconAssetId="0" name="" revealLevel="0" awardId=""/>
                            <collectionAward iconAssetId="0" name="" revealLevel="0" awardId=""/>
                            <collectionAward iconAssetId="0" name="" revealLevel="0" awardId=""/>
                        </collectionAwards>
        </collection>
                    <collection id="27" name="Milkshake Collection" enabled="1" probability="100" displayOrder="5" iconAssetId="0" >
            <collectionItems>
                            <collectionItem id="131" assetId="39577" />
                            <collectionItem id="132" assetId="39574" />
                            <collectionItem id="133" assetId="39575" />
                            <collectionItem id="134" assetId="39572" />
                            <collectionItem id="135" assetId="39573" />
                        </collectionItems>
            <collectionAwards>
                            <collectionAward iconAssetId="0" name="" revealLevel="0" awardId="19518"/>
                            <collectionAward iconAssetId="0" name="" revealLevel="0" awardId=""/>
                            <collectionAward iconAssetId="0" name="" revealLevel="0" awardId=""/>
                            <collectionAward iconAssetId="0" name="" revealLevel="0" awardId=""/>
                            <collectionAward iconAssetId="0" name="" revealLevel="0" awardId=""/>
                        </collectionAwards>
        </collection>
                    <collection id="28" name="Snack Box Collection " enabled="1" probability="100" displayOrder="6" iconAssetId="0" >
            <collectionItems>
                            <collectionItem id="136" assetId="39626" />
                            <collectionItem id="137" assetId="39627" />
                            <collectionItem id="138" assetId="39628" />
                            <collectionItem id="139" assetId="39629" />
                            <collectionItem id="140" assetId="39630" />
                        </collectionItems>
            <collectionAwards>
                            <collectionAward iconAssetId="0" name="" revealLevel="0" awardId="19519"/>
                            <collectionAward iconAssetId="0" name="" revealLevel="0" awardId=""/>
                            <collectionAward iconAssetId="0" name="" revealLevel="0" awardId=""/>
                            <collectionAward iconAssetId="0" name="" revealLevel="0" awardId=""/>
                            <collectionAward iconAssetId="0" name="" revealLevel="0" awardId=""/>
                        </collectionAwards>
        </collection>
                    <collection id="29" name="Pizza Slice Collection" enabled="1" probability="100" displayOrder="7" iconAssetId="0" >
            <collectionItems>
                            <collectionItem id="141" assetId="39635" />
                            <collectionItem id="142" assetId="39634" />
                            <collectionItem id="143" assetId="39633" />
                            <collectionItem id="144" assetId="39632" />
                            <collectionItem id="145" assetId="39631" />
                        </collectionItems>
            <collectionAwards>
                            <collectionAward iconAssetId="0" name="" revealLevel="0" awardId="19520"/>
                            <collectionAward iconAssetId="0" name="" revealLevel="0" awardId=""/>
                            <collectionAward iconAssetId="0" name="" revealLevel="0" awardId=""/>
                            <collectionAward iconAssetId="0" name="" revealLevel="0" awardId=""/>
                            <collectionAward iconAssetId="0" name="" revealLevel="0" awardId=""/>
                        </collectionAwards>
        </collection>
    </collections>
