<?xml version="1.0" encoding="UTF-8"?><consumables>
            <consumable awardId="18914" assetId="31608" openType="2" openFcd="0" openTimer="0" setTimerOnTap="0" />
            <consumable awardId="18915" assetId="31681" openType="2" openFcd="0" openTimer="0" setTimerOnTap="0" />
            <consumable awardId="18916" assetId="31682" openType="2" openFcd="0" openTimer="0" setTimerOnTap="0" />
            <consumable awardId="18917" assetId="31683" openType="2" openFcd="0" openTimer="0" setTimerOnTap="0" />
            <consumable awardId="18918" assetId="31684" openType="2" openFcd="0" openTimer="0" setTimerOnTap="0" />
            <consumable awardId="18919" assetId="32396" openType="2" openFcd="0" openTimer="0" setTimerOnTap="0" />
            <consumable awardId="18920" assetId="33036" openType="2" openFcd="0" openTimer="0" setTimerOnTap="0" />
            <consumable awardId="18921" assetId="33037" openType="2" openFcd="0" openTimer="3600" setTimerOnTap="0" />
            <consumable awardId="18922" assetId="33038" openType="2" openFcd="0" openTimer="21600" setTimerOnTap="0" />
            <consumable awardId="18923" assetId="33100" openType="2" openFcd="0" openTimer="0" setTimerOnTap="1" />
            <consumable awardId="18924" assetId="33101" openType="1" openFcd="0" openTimer="0" setTimerOnTap="0" />
            <consumable awardId="18925" assetId="33102" openType="2" openFcd="0" openTimer="0" setTimerOnTap="1" />
            <consumable awardId="18926" assetId="33103" openType="2" openFcd="0" openTimer="0" setTimerOnTap="1" />
            <consumable awardId="18927" assetId="33104" openType="2" openFcd="0" openTimer="0" setTimerOnTap="1" />
            <consumable awardId="18928" assetId="33105" openType="2" openFcd="0" openTimer="0" setTimerOnTap="1" />
            <consumable awardId="18929" assetId="33106" openType="2" openFcd="0" openTimer="0" setTimerOnTap="1" />
            <consumable awardId="18930" assetId="33107" openType="2" openFcd="0" openTimer="0" setTimerOnTap="1" />
            <consumable awardId="18931" assetId="33108" openType="2" openFcd="0" openTimer="0" setTimerOnTap="1" />
            <consumable awardId="18932" assetId="33191" openType="1" openFcd="0" openTimer="0" setTimerOnTap="0" />
            <consumable awardId="18933" assetId="33196" openType="2" openFcd="0" openTimer="0" setTimerOnTap="0" />
            <consumable awardId="18934" assetId="33892" openType="1" openFcd="0" openTimer="0" setTimerOnTap="0" />
            <consumable awardId="18935" assetId="33902" openType="1" openFcd="0" openTimer="0" setTimerOnTap="0" />
            <consumable awardId="18936" assetId="34080" openType="1" openFcd="0" openTimer="0" setTimerOnTap="0" />
            <consumable awardId="18937" assetId="34201" openType="1" openFcd="0" openTimer="0" setTimerOnTap="0" />
            <consumable awardId="18938" assetId="34405" openType="1" openFcd="0" openTimer="0" setTimerOnTap="0" />
            <consumable awardId="18939" assetId="34406" openType="1" openFcd="0" openTimer="0" setTimerOnTap="0" />
            <consumable awardId="18940" assetId="34407" openType="1" openFcd="0" openTimer="0" setTimerOnTap="0" />
            <consumable awardId="18941" assetId="37505" openType="2" openFcd="0" openTimer="0" setTimerOnTap="0" />
            <consumable awardId="" assetId="39174" openType="1" openFcd="0" openTimer="0" setTimerOnTap="0" />
            <consumable awardId="" assetId="39175" openType="1" openFcd="0" openTimer="0" setTimerOnTap="0" />
            <consumable awardId="" assetId="39176" openType="1" openFcd="0" openTimer="0" setTimerOnTap="0" />
            <consumable awardId="" assetId="39177" openType="2" openFcd="0" openTimer="0" setTimerOnTap="0" />
            <consumable awardId="18942" assetId="41061" openType="2" openFcd="0" openTimer="0" setTimerOnTap="0" />
            <consumable awardId="18943" assetId="41683" openType="2" openFcd="0" openTimer="0" setTimerOnTap="0" />
            <consumable awardId="18944" assetId="41755" openType="1" openFcd="0" openTimer="0" setTimerOnTap="0" />
            <consumable awardId="18945" assetId="41756" openType="1" openFcd="0" openTimer="0" setTimerOnTap="0" />
            <consumable awardId="18946" assetId="41757" openType="1" openFcd="0" openTimer="0" setTimerOnTap="0" />
            <consumable awardId="18947" assetId="41758" openType="1" openFcd="0" openTimer="0" setTimerOnTap="0" />
            <consumable awardId="18948" assetId="41759" openType="1" openFcd="0" openTimer="0" setTimerOnTap="0" />
            <consumable awardId="18949" assetId="42156" openType="1" openFcd="0" openTimer="0" setTimerOnTap="0" />
            <consumable awardId="18950" assetId="42627" openType="1" openFcd="0" openTimer="0" setTimerOnTap="0" />
            <consumable awardId="18951" assetId="42628" openType="1" openFcd="0" openTimer="0" setTimerOnTap="0" />
            <consumable awardId="18952" assetId="42819" openType="1" openFcd="0" openTimer="0" setTimerOnTap="0" />
            <consumable awardId="18953" assetId="42821" openType="1" openFcd="0" openTimer="0" setTimerOnTap="0" />
            <consumable awardId="18954" assetId="42822" openType="1" openFcd="0" openTimer="0" setTimerOnTap="0" />
            <consumable awardId="18955" assetId="42823" openType="1" openFcd="0" openTimer="0" setTimerOnTap="0" />
            <consumable awardId="18956" assetId="42850" openType="1" openFcd="0" openTimer="0" setTimerOnTap="0" />
            <consumable awardId="18957" assetId="42851" openType="1" openFcd="0" openTimer="0" setTimerOnTap="0" />
            <consumable awardId="18958" assetId="42852" openType="1" openFcd="0" openTimer="0" setTimerOnTap="0" />
            <consumable awardId="18959" assetId="42853" openType="1" openFcd="0" openTimer="0" setTimerOnTap="0" />
            <consumable awardId="18960" assetId="42854" openType="1" openFcd="0" openTimer="0" setTimerOnTap="0" />
            <consumable awardId="18961" assetId="42855" openType="1" openFcd="0" openTimer="0" setTimerOnTap="0" />
            <consumable awardId="18962" assetId="43938" openType="1" openFcd="0" openTimer="0" setTimerOnTap="0" />
            <consumable awardId="18963" assetId="43939" openType="1" openFcd="0" openTimer="0" setTimerOnTap="0" />
            <consumable awardId="18964" assetId="44613" openType="1" openFcd="0" openTimer="0" setTimerOnTap="0" />
            <consumable awardId="18965" assetId="45275" openType="1" openFcd="0" openTimer="0" setTimerOnTap="0" />
            <consumable awardId="18966" assetId="45405" openType="1" openFcd="0" openTimer="0" setTimerOnTap="0" />
            <consumable awardId="18967" assetId="47787" openType="1" openFcd="0" openTimer="0" setTimerOnTap="0" />
            <consumable awardId="18968" assetId="48481" openType="1" openFcd="0" openTimer="0" setTimerOnTap="0" />
            <consumable awardId="18969" assetId="39992" openType="2" openFcd="0" openTimer="0" setTimerOnTap="0" />
            <consumable awardId="18970" assetId="39993" openType="2" openFcd="0" openTimer="0" setTimerOnTap="0" />
            <consumable awardId="18971" assetId="39994" openType="2" openFcd="0" openTimer="0" setTimerOnTap="0" />
            <consumable awardId="18972" assetId="39995" openType="2" openFcd="0" openTimer="0" setTimerOnTap="0" />
            <consumable awardId="18973" assetId="39996" openType="2" openFcd="0" openTimer="0" setTimerOnTap="0" />
            <consumable awardId="18974" assetId="42213" openType="2" openFcd="0" openTimer="0" setTimerOnTap="0" />
            <consumable awardId="18975" assetId="42214" openType="2" openFcd="0" openTimer="0" setTimerOnTap="0" />
            <consumable awardId="18976" assetId="42215" openType="2" openFcd="0" openTimer="0" setTimerOnTap="0" />
            <consumable awardId="18977" assetId="42216" openType="2" openFcd="0" openTimer="0" setTimerOnTap="0" />
            <consumable awardId="18978" assetId="42217" openType="2" openFcd="0" openTimer="0" setTimerOnTap="0" />
            <consumable awardId="18979" assetId="42218" openType="2" openFcd="0" openTimer="0" setTimerOnTap="0" />
            <consumable awardId="18980" assetId="42219" openType="2" openFcd="0" openTimer="0" setTimerOnTap="0" />
    </consumables>
