<?xml version="1.0" encoding="UTF-8"?>

<dailyAssets>
    <days>
            		<day date="">
    			<assets>
                                            			<asset id="34080" placementCoordinates="1,0,0,1,890,100"/>
                        		</assets>
        	</day>
            		<day date="2015-06-19">
    			<assets>
                                            			<asset id="42627" placementCoordinates="1,0,0,1,155,130"/>
                        		</assets>
        	</day>
            		<day date="2015-06-20">
    			<assets>
                                            			<asset id="42851" placementCoordinates="1,0,0,1,160,130"/>
                        		</assets>
        	</day>
            		<day date="2015-06-21">
    			<assets>
                                            			<asset id="33191" placementCoordinates="1,0,0,1,140,130"/>
                        		</assets>
        	</day>
            		<day date="2015-06-22">
    			<assets>
                                            			<asset id="42853" placementCoordinates="1,0,0,1,145,130"/>
                        		</assets>
        	</day>
            		<day date="2015-06-23">
    			<assets>
                                            			<asset id="41756" placementCoordinates="1,0,0,1,150,130"/>
                        		</assets>
        	</day>
            		<day date="2015-06-24">
    			<assets>
                                            			<asset id="33191" placementCoordinates="1,0,0,1,155,130"/>
                        		</assets>
        	</day>
            		<day date="2015-06-25">
    			<assets>
                                            			<asset id="42216" placementCoordinates="1,0,0,1,160,130"/>
                        		</assets>
        	</day>
            		<day date="2015-06-26">
    			<assets>
                                            			<asset id="42217" placementCoordinates="1,0,0,1,140,130"/>
                        		</assets>
        	</day>
            		<day date="2015-06-27">
    			<assets>
                                            			<asset id="42218" placementCoordinates="1,0,0,1,145,130"/>
                        		</assets>
        	</day>
            		<day date="2015-06-28">
    			<assets>
                                            			<asset id="42219" placementCoordinates="1,0,0,1,150,130"/>
                        		</assets>
        	</day>
            		<day date="2015-06-29">
    			<assets>
                                            			<asset id="42213" placementCoordinates="1,0,0,1,155,130"/>
                        		</assets>
        	</day>
            		<day date="2015-06-30">
    			<assets>
                                            			<asset id="42214" placementCoordinates="1,0,0,1,160,130"/>
                        		</assets>
        	</day>
            		<day date="2015-07-01">
    			<assets>
                                            			<asset id="42215" placementCoordinates="1,0,0,1,140,130"/>
                        		</assets>
        	</day>
            		<day date="2015-07-02">
    			<assets>
                                            			<asset id="42627" placementCoordinates="1,0,0,1,145,130"/>
                        		</assets>
        	</day>
            		<day date="2015-07-03">
    			<assets>
                                            			<asset id="42851" placementCoordinates="1,0,0,1,150,130"/>
                        		</assets>
        	</day>
            		<day date="2015-07-04">
    			<assets>
                                            			<asset id="33191" placementCoordinates="1,0,0,1,155,130"/>
                        		</assets>
        	</day>
            		<day date="2015-07-05">
    			<assets>
                                            			<asset id="42853" placementCoordinates="1,0,0,1,160,130"/>
                        		</assets>
        	</day>
            		<day date="2015-07-06">
    			<assets>
                                            			<asset id="33191" placementCoordinates="1,0,0,1,140,130"/>
                        		</assets>
        	</day>
            		<day date="2015-07-07">
    			<assets>
                                            			<asset id="42214" placementCoordinates="1,0,0,1,145,130"/>
                        		</assets>
        	</day>
            		<day date="2015-07-08">
    			<assets>
                                            			<asset id="42851" placementCoordinates="1,0,0,1,150,130"/>
                        		</assets>
        	</day>
            		<day date="2015-07-09">
    			<assets>
                                            			<asset id="42853" placementCoordinates="1,0,0,1,155,130"/>
                        		</assets>
        	</day>
            		<day date="2015-07-10">
    			<assets>
                                            			<asset id="42217" placementCoordinates="1,0,0,1,160,130"/>
                        		</assets>
        	</day>
            		<day date="2015-07-11">
    			<assets>
                                            			<asset id="42218" placementCoordinates="1,0,0,1,140,130"/>
                        		</assets>
        	</day>
            		<day date="2015-07-12">
    			<assets>
                                            			<asset id="42219" placementCoordinates="1,0,0,1,145,130"/>
                        		</assets>
        	</day>
            		<day date="2015-07-13">
    			<assets>
                                            			<asset id="42213" placementCoordinates="1,0,0,1,150,130"/>
                        		</assets>
        	</day>
            		<day date="2015-07-14">
    			<assets>
                                            			<asset id="42214" placementCoordinates="1,0,0,1,155,130"/>
                        		</assets>
        	</day>
            		<day date="2015-07-15">
    			<assets>
                                            			<asset id="42215" placementCoordinates="1,0,0,1,160,130"/>
                        		</assets>
        	</day>
            		<day date="2015-07-16">
    			<assets>
                                            			<asset id="42216" placementCoordinates="1,0,0,1,140,130"/>
                        		</assets>
        	</day>
            		<day date="2015-07-17">
    			<assets>
                                            			<asset id="42217" placementCoordinates="1,0,0,1,145,130"/>
                        		</assets>
        	</day>
            		<day date="2015-07-18">
    			<assets>
                                            			<asset id="42218" placementCoordinates="1,0,0,1,150,130"/>
                        		</assets>
        	</day>
            		<day date="2015-07-19">
    			<assets>
                                            			<asset id="42219" placementCoordinates="1,0,0,1,155,130"/>
                        		</assets>
        	</day>
            		<day date="2015-07-20">
    			<assets>
                                            			<asset id="42213" placementCoordinates="1,0,0,1,160,130"/>
                        		</assets>
        	</day>
            		<day date="2015-07-21">
    			<assets>
                                            			<asset id="42214" placementCoordinates="1,0,0,1,140,130"/>
                        		</assets>
        	</day>
            		<day date="2015-07-22">
    			<assets>
                                            			<asset id="42215" placementCoordinates="1,0,0,1,145,130"/>
                        		</assets>
        	</day>
            		<day date="2015-07-23">
    			<assets>
                                            			<asset id="42216" placementCoordinates="1,0,0,1,150,130"/>
                        		</assets>
        	</day>
            		<day date="2015-07-24">
    			<assets>
                                            			<asset id="42217" placementCoordinates="1,0,0,1,155,130"/>
                        		</assets>
        	</day>
            		<day date="2015-07-25">
    			<assets>
                                            			<asset id="42218" placementCoordinates="1,0,0,1,160,130"/>
                        		</assets>
        	</day>
            		<day date="2015-07-26">
    			<assets>
                                            			<asset id="42219" placementCoordinates="1,0,0,1,140,130"/>
                        		</assets>
        	</day>
            		<day date="2015-07-27">
    			<assets>
                                            			<asset id="42213" placementCoordinates="1,0,0,1,145,130"/>
                        		</assets>
        	</day>
            		<day date="2015-07-28">
    			<assets>
                                            			<asset id="42214" placementCoordinates="1,0,0,1,150,130"/>
                        		</assets>
        	</day>
            		<day date="2015-07-29">
    			<assets>
                                            			<asset id="42215" placementCoordinates="1,0,0,1,155,130"/>
                        		</assets>
        	</day>
            		<day date="2015-07-30">
    			<assets>
                                            			<asset id="42216" placementCoordinates="1,0,0,1,160,130"/>
                        		</assets>
        	</day>
            		<day date="2015-07-31">
    			<assets>
                                            			<asset id="42217" placementCoordinates="1,0,0,1,140,130"/>
                        		</assets>
        	</day>
            		<day date="2015-08-01">
    			<assets>
                                            			<asset id="42218" placementCoordinates="1,0,0,1,145,130"/>
                        		</assets>
        	</day>
            		<day date="2015-08-02">
    			<assets>
                                            			<asset id="42219" placementCoordinates="1,0,0,1,150,130"/>
                        		</assets>
        	</day>
            		<day date="2015-08-03">
    			<assets>
                                            			<asset id="42213" placementCoordinates="1,0,0,1,155,130"/>
                        		</assets>
        	</day>
            		<day date="2015-08-04">
    			<assets>
                                            			<asset id="42214" placementCoordinates="1,0,0,1,160,130"/>
                        		</assets>
        	</day>
            		<day date="2015-08-05">
    			<assets>
                                            			<asset id="42215" placementCoordinates="1,0,0,1,140,130"/>
                        		</assets>
        	</day>
            		<day date="2015-08-06">
    			<assets>
                                            			<asset id="42216" placementCoordinates="1,0,0,1,145,130"/>
                        		</assets>
        	</day>
            		<day date="2015-08-07">
    			<assets>
                                            			<asset id="42217" placementCoordinates="1,0,0,1,150,130"/>
                        		</assets>
        	</day>
            		<day date="2015-08-08">
    			<assets>
                                            			<asset id="42218" placementCoordinates="1,0,0,1,155,130"/>
                        		</assets>
        	</day>
            		<day date="2015-08-09">
    			<assets>
                                            			<asset id="42219" placementCoordinates="1,0,0,1,160,130"/>
                        		</assets>
        	</day>
            		<day date="2015-08-10">
    			<assets>
                                            			<asset id="42213" placementCoordinates="1,0,0,1,140,130"/>
                        		</assets>
        	</day>
            		<day date="2015-08-11">
    			<assets>
                                            			<asset id="42214" placementCoordinates="1,0,0,1,145,130"/>
                        		</assets>
        	</day>
            		<day date="2015-08-12">
    			<assets>
                                            			<asset id="42215" placementCoordinates="1,0,0,1,150,130"/>
                        		</assets>
        	</day>
            		<day date="2015-08-13">
    			<assets>
                                            			<asset id="42216" placementCoordinates="1,0,0,1,155,130"/>
                        		</assets>
        	</day>
            		<day date="2015-08-14">
    			<assets>
                                            			<asset id="42217" placementCoordinates="1,0,0,1,160,130"/>
                        		</assets>
        	</day>
            		<day date="2015-08-15">
    			<assets>
                                            			<asset id="42218" placementCoordinates="1,0,0,1,140,130"/>
                        		</assets>
        	</day>
            		<day date="2015-08-16">
    			<assets>
                                            			<asset id="42219" placementCoordinates="1,0,0,1,145,130"/>
                        		</assets>
        	</day>
            		<day date="2015-08-17">
    			<assets>
                                            			<asset id="42213" placementCoordinates="1,0,0,1,150,130"/>
                        		</assets>
        	</day>
            		<day date="2015-08-18">
    			<assets>
                                            			<asset id="42214" placementCoordinates="1,0,0,1,155,130"/>
                        		</assets>
        	</day>
            		<day date="2015-08-19">
    			<assets>
                                            			<asset id="42215" placementCoordinates="1,0,0,1,160,130"/>
                        		</assets>
        	</day>
            		<day date="2015-08-20">
    			<assets>
                                            			<asset id="42216" placementCoordinates="1,0,0,1,140,130"/>
                        		</assets>
        	</day>
            		<day date="2015-08-21">
    			<assets>
                                            			<asset id="42217" placementCoordinates="1,0,0,1,145,130"/>
                        		</assets>
        	</day>
            		<day date="2015-08-22">
    			<assets>
                                            			<asset id="42218" placementCoordinates="1,0,0,1,150,130"/>
                        		</assets>
        	</day>
            		<day date="2015-08-23">
    			<assets>
                                            			<asset id="42219" placementCoordinates="1,0,0,1,155,130"/>
                        		</assets>
        	</day>
            		<day date="2015-08-24">
    			<assets>
                                            			<asset id="42213" placementCoordinates="1,0,0,1,160,130"/>
                        		</assets>
        	</day>
            		<day date="2015-08-25">
    			<assets>
                                            			<asset id="42214" placementCoordinates="1,0,0,1,140,130"/>
                        		</assets>
        	</day>
            		<day date="2015-08-26">
    			<assets>
                                            			<asset id="42215" placementCoordinates="1,0,0,1,145,130"/>
                        		</assets>
        	</day>
            		<day date="2015-08-27">
    			<assets>
                                            			<asset id="42216" placementCoordinates="1,0,0,1,150,130"/>
                        		</assets>
        	</day>
            		<day date="2015-08-28">
    			<assets>
                                            			<asset id="42217" placementCoordinates="1,0,0,1,155,130"/>
                        		</assets>
        	</day>
            		<day date="2015-08-29">
    			<assets>
                                            			<asset id="42218" placementCoordinates="1,0,0,1,160,130"/>
                        		</assets>
        	</day>
            		<day date="2015-08-30">
    			<assets>
                                            			<asset id="42219" placementCoordinates="1,0,0,1,140,130"/>
                        		</assets>
        	</day>
            		<day date="2015-08-31">
    			<assets>
                                            			<asset id="42213" placementCoordinates="1,0,0,1,145,130"/>
                        		</assets>
        	</day>
            		<day date="2015-09-01">
    			<assets>
                                            			<asset id="42214" placementCoordinates="1,0,0,1,150,130"/>
                        		</assets>
        	</day>
            		<day date="2015-09-02">
    			<assets>
                                            			<asset id="42215" placementCoordinates="1,0,0,1,155,130"/>
                        		</assets>
        	</day>
            		<day date="2015-09-03">
    			<assets>
                                            			<asset id="42216" placementCoordinates="1,0,0,1,160,130"/>
                        		</assets>
        	</day>
            		<day date="2015-09-04">
    			<assets>
                                            			<asset id="42217" placementCoordinates="1,0,0,1,140,130"/>
                        		</assets>
        	</day>
            		<day date="2015-09-05">
    			<assets>
                                            			<asset id="42218" placementCoordinates="1,0,0,1,145,130"/>
                        		</assets>
        	</day>
            		<day date="2015-09-06">
    			<assets>
                                            			<asset id="42219" placementCoordinates="1,0,0,1,150,130"/>
                        		</assets>
        	</day>
            		<day date="2015-09-07">
    			<assets>
                                            			<asset id="42213" placementCoordinates="1,0,0,1,155,130"/>
                        		</assets>
        	</day>
            		<day date="2015-09-08">
    			<assets>
                                            			<asset id="42214" placementCoordinates="1,0,0,1,160,130"/>
                        		</assets>
        	</day>
            		<day date="2015-09-09">
    			<assets>
                                            			<asset id="42215" placementCoordinates="1,0,0,1,140,130"/>
                        		</assets>
        	</day>
            		<day date="2015-09-10">
    			<assets>
                                            			<asset id="42216" placementCoordinates="1,0,0,1,145,130"/>
                        		</assets>
        	</day>
            		<day date="2015-09-11">
    			<assets>
                                            			<asset id="42217" placementCoordinates="1,0,0,1,150,130"/>
                        		</assets>
        	</day>
            		<day date="2015-09-12">
    			<assets>
                                            			<asset id="42218" placementCoordinates="1,0,0,1,155,130"/>
                        		</assets>
        	</day>
            		<day date="2015-09-13">
    			<assets>
                                            			<asset id="42219" placementCoordinates="1,0,0,1,160,130"/>
                        		</assets>
        	</day>
            		<day date="2015-09-14">
    			<assets>
                                            			<asset id="42213" placementCoordinates="1,0,0,1,140,130"/>
                        		</assets>
        	</day>
            		<day date="2015-09-15">
    			<assets>
                                            			<asset id="42214" placementCoordinates="1,0,0,1,145,130"/>
                        		</assets>
        	</day>
            		<day date="2015-09-16">
    			<assets>
                                            			<asset id="42215" placementCoordinates="1,0,0,1,150,130"/>
                        		</assets>
        	</day>
            		<day date="2015-09-17">
    			<assets>
                                            			<asset id="42216" placementCoordinates="1,0,0,1,155,130"/>
                        		</assets>
        	</day>
            		<day date="2015-09-18">
    			<assets>
                                            			<asset id="42217" placementCoordinates="1,0,0,1,160,130"/>
                        		</assets>
        	</day>
            		<day date="2015-09-19">
    			<assets>
                                            			<asset id="42218" placementCoordinates="1,0,0,1,140,130"/>
                        		</assets>
        	</day>
            		<day date="2015-09-20">
    			<assets>
                                            			<asset id="42219" placementCoordinates="1,0,0,1,145,130"/>
                        		</assets>
        	</day>
            		<day date="2015-09-21">
    			<assets>
                                            			<asset id="42213" placementCoordinates="1,0,0,1,150,130"/>
                        		</assets>
        	</day>
            		<day date="2015-09-22">
    			<assets>
                                            			<asset id="42214" placementCoordinates="1,0,0,1,155,130"/>
                        		</assets>
        	</day>
            		<day date="2015-09-23">
    			<assets>
                                            			<asset id="42215" placementCoordinates="1,0,0,1,160,130"/>
                        		</assets>
        	</day>
            		<day date="2015-09-24">
    			<assets>
                                            			<asset id="42216" placementCoordinates="1,0,0,1,140,130"/>
                        		</assets>
        	</day>
            		<day date="2015-09-25">
    			<assets>
                                            			<asset id="42217" placementCoordinates="1,0,0,1,145,130"/>
                        		</assets>
        	</day>
            		<day date="2015-09-26">
    			<assets>
                                            			<asset id="42218" placementCoordinates="1,0,0,1,150,130"/>
                        		</assets>
        	</day>
            		<day date="2015-09-27">
    			<assets>
                                            			<asset id="42219" placementCoordinates="1,0,0,1,155,130"/>
                        		</assets>
        	</day>
            		<day date="2015-09-28">
    			<assets>
                                            			<asset id="42213" placementCoordinates="1,0,0,1,160,130"/>
                        		</assets>
        	</day>
            		<day date="2015-09-29">
    			<assets>
                                            			<asset id="42214" placementCoordinates="1,0,0,1,140,130"/>
                        		</assets>
        	</day>
            		<day date="2015-09-30">
    			<assets>
                                            			<asset id="42215" placementCoordinates="1,0,0,1,145,130"/>
                        		</assets>
        	</day>
            </days>
</dailyAssets>
