<?xml version="1.0" encoding="UTF-8"?><facebookGroups>
            <groupSection name="Run by Devs">
                    <groupSubSection name="General">
                        </groupSubSection>
                </groupSection>
            <groupSection name="Run by Players">
                    <groupSubSection name="General">
                                            <facebookGroup groupId="781761918542609" name="PB Central" description="" minLevel="0" />
                                            <facebookGroup groupId="334483613417896" name="PB Freebies" description="" minLevel="0" />
                                            <facebookGroup groupId="337522349791215" name="Pet Buddies Dollar Sales" description="" minLevel="0" />
                                            <facebookGroup groupId="540898996038813" name="Pet Buddies Suggestion Room" description="" minLevel="0" />
                                            <facebookGroup groupId="914908311902878" name="Official Pet Buddies Add Me Group" description="" minLevel="1" />
                                            <facebookGroup groupId="1447346525579877" name="Pet Buddies - Shout Out!" description="" minLevel="0" />
                                            <facebookGroup groupId="871630212915664" name="Pet Buddies Destiny&#039;s Reality" description="" minLevel="0" />
                        </groupSubSection>
                    <groupSubSection name="Trading">
                                            <facebookGroup groupId="277019285824213" name="Pet Buddies Collections Trading" description="" minLevel="1" />
                                            <facebookGroup groupId="1442885029327604" name="Pet Buddies Trading and Auctions" description="" minLevel="1" />
                                            <facebookGroup groupId="558698474233923" name="Pet Buddies Bazaar" description="" minLevel="2" />
                        </groupSubSection>
                    <groupSubSection name="">
                        </groupSubSection>
                    <groupSubSection name="">
                        </groupSubSection>
                </groupSection>
            <groupSection name="">
                </groupSection>
            <groupSection name="Helping Hand">
                    <groupSubSection name="Helping Hand">
                                            <facebookGroup groupId="1593811640905947" name="PB Newbies" description="" minLevel="0" />
                        </groupSubSection>
                </groupSection>
            <groupSection name="Angel Gifting">
                </groupSection>
    </facebookGroups>
