<?xml version="1.0" encoding="UTF-8"?><hairDyes>
            <hairDye assetId="6346" color1="4B0A0A" color2="4B0A0A" color3="4B0A0A" />
            <hairDye assetId="6347" color1="A45E17" color2="A45E17" color3="A45E17" />
            <hairDye assetId="6348" color1="242120" color2="242120" color3="242120" />
            <hairDye assetId="6349" color1="990000" color2="990000" color3="990000" />
            <hairDye assetId="6350" color1="EFDD98" color2="EFDD98" color3="EFDD98" />
            <hairDye assetId="6351" color1="FF893C" color2="FF893C" color3="FF893C" />
            <hairDye assetId="6500" color1="" color2="" color3="" />
            <hairDye assetId="6784" color1="017624" color2="017624" color3="017624" />
            <hairDye assetId="6999" color1="093AFF" color2="093AFF" color3="093AFF" />
            <hairDye assetId="7000" color1="7C25B8" color2="7C25B8" color3="7C25B8" />
            <hairDye assetId="7001" color1="FF3399" color2="FF3399" color3="FF3399" />
            <hairDye assetId="7014" color1="10CADE" color2="10CADE" color3="10CADE" />
            <hairDye assetId="7573" color1="CCCCCC" color2="CCCCCC" color3="CCCCCC" />
            <hairDye assetId="7576" color1="E7B4FE" color2="E7B4FE" color3="E7B4FE" />
            <hairDye assetId="7579" color1="FF91A7" color2="FF91A7" color3="FF91A7" />
            <hairDye assetId="7631" color1="FFFF99" color2="FFFF99" color3="FFFF99" />
            <hairDye assetId="9239" color1="c94402" color2="c94402" color3="c94402" />
            <hairDye assetId="9240" color1="e32d4b" color2="e32d4b" color3="e32d4b" />
            <hairDye assetId="9241" color1="f5c553" color2="f5c553" color3="f5c553" />
            <hairDye assetId="9247" color1="010101" color2="5a3985" color3="010101" />
            <hairDye assetId="9248" color1="efdd98" color2="ff91a7" color3="efdd98" />
            <hairDye assetId="9249" color1="a45e17" color2="dabb71" color3="a45e17" />
            <hairDye assetId="9250" color1="4B0A0A" color2="b91414" color3="4B0A0A" />
            <hairDye assetId="9858" color1="FF00FF" color2="FF00FF" color3="FF00FF" />
            <hairDye assetId="9859" color1="66FF33" color2="66FF33" color3="66FF33" />
            <hairDye assetId="9860" color1="FFFF00" color2="FFFF00" color3="FFFF00" />
            <hairDye assetId="10651" color1="9f87dc" color2="9f87dc" color3="9f87dc" />
            <hairDye assetId="10678" color1="fc6665" color2="fc6665" color3="fc6665" />
            <hairDye assetId="10679" color1="0fc191" color2="0fc191" color3="0fc191" />
            <hairDye assetId="14517" color1="4c261c" color2="4c261c" color3="4c261c" />
            <hairDye assetId="14518" color1="710234 " color2="710234 " color3="710234 " />
            <hairDye assetId="14519" color1="9b7948" color2="9b7948" color3="9b7948" />
            <hairDye assetId="14520" color1="dc0505" color2="dc0505" color3="dc0505" />
            <hairDye assetId="14521" color1="37072a" color2="37072a" color3="37072a" />
            <hairDye assetId="15845" color1="7ae6f0" color2="bdfaf9" color3="7ae6f0" />
            <hairDye assetId="15846" color1="dc0505" color2="f5504f" color3="dc0505" />
            <hairDye assetId="24172" color1="FD8002" color2="CC0033" color3="FD8002" />
            <hairDye assetId="24173" color1="EFDD98" color2="5A3985" color3="EFDD98" />
            <hairDye assetId="24174" color1="010101" color2="B91414" color3="010101" />
            <hairDye assetId="24175" color1="010101" color2="FD8002" color3="010101" />
            <hairDye assetId="25177" color1="EFDD98" color2="D10303" color3="EFDD98" />
            <hairDye assetId="25178" color1="FF0000" color2="215E11" color3="FF0000" />
            <hairDye assetId="29154" color1="EBDAC3" color2="ede2ca" color3="EBDAC3" />
            <hairDye assetId="29661" color1="612905" color2="6D4B36" color3="612905" />
            <hairDye assetId="30118" color1="010101" color2="00B8CC" color3="010101" />
            <hairDye assetId="30119" color1="D33DC5" color2="FF99CC" color3="D33DC5" />
            <hairDye assetId="30120" color1="B67CCF" color2="EAEAEA" color3="B67CCF" />
            <hairDye assetId="30694" color1="FDCECE" color2="FDCECE" color3="FDCECE" />
            <hairDye assetId="31879" color1="FF80B3" color2="FFEEF3" color3="FF80B3" />
            <hairDye assetId="32797" color1="F3CE6D" color2="F3CE6D" color3="F3CE6D" />
            <hairDye assetId="33580" color1="010101" color2="19309E" color3="010101" />
            <hairDye assetId="33581" color1="090055" color2="090055" color3="090055" />
            <hairDye assetId="34442" color1="F7E6E6" color2="F7E6E6" color3="F7E6E6" />
            <hairDye assetId="34769" color1="000000" color2="FF66FF" color3="000000" />
            <hairDye assetId="35067" color1="" color2="" color3="" />
            <hairDye assetId="35068" color1="" color2="" color3="" />
            <hairDye assetId="35070" color1="" color2="" color3="" />
            <hairDye assetId="35071" color1="" color2="" color3="" />
            <hairDye assetId="35175" color1="" color2="" color3="" />
            <hairDye assetId="35493" color1="010101" color2="666666" color3="010101" />
            <hairDye assetId="35660" color1="FF6600" color2="FF6600" color3="FF6600" />
            <hairDye assetId="35900" color1="FEB4DA" color2="A4CBE3" color3="FEB4DA" />
            <hairDye assetId="35902" color1="ACFDCC" color2="CF9EF1" color3="ACFDCC" />
            <hairDye assetId="35903" color1="FEB4DA" color2="FEFE78" color3="FEB4DA" />
            <hairDye assetId="35904" color1="C5FEFD" color2="9BADF4" color3="C5FEFD" />
            <hairDye assetId="35905" color1="D192FE" color2="FFFFFF" color3="D192FE" />
            <hairDye assetId="36547" color1="009900" color2="CC0000" color3="009900" />
            <hairDye assetId="36548" color1="FF0000" color2="00CC00" color3="FF0000" />
            <hairDye assetId="36549" color1="FFFFFF" color2="CC0000" color3="FFFFFF" />
            <hairDye assetId="36550" color1="FF0000" color2="FFFFFF" color3="FF0000" />
            <hairDye assetId="36551" color1="FF0000" color2="FCEE72" color3="FF0000" />
            <hairDye assetId="36552" color1="F5D34E" color2="CC0000" color3="F5D34E" />
            <hairDye assetId="36553" color1="009900" color2="FFFFFF" color3="009900" />
            <hairDye assetId="36971" color1="C4EEFF" color2="C4EEFF" color3="C4EEFF" />
            <hairDye assetId="37435" color1="" color2="" color3="" />
    </hairDyes>
