<?xml version="1.0" encoding="UTF-8"?>

<houseParts>
    <housePart type="room" expandCashPrice="8" defaultWidth="2190" expandedWidth="3412">
		<presetAssets>
                            <asset id="31100" placementCoordinates="1,0,0,1,0,0" />
                            <asset id="31104" placementCoordinates="1,0,0,1,0,0" />
                            <asset id="31119" placementCoordinates="1,0,0,1,0,0" />
            		</presetAssets>
		<rooms>
                            <room id="room1" defaultName="Living Room" roomIndex="1" floorIndex="1" houseIndex="1" revealLevel="1" minLevel="1" cashPrice="0" coinsPrice="0" />
                            <room id="room2" defaultName="Bedroom" roomIndex="1" floorIndex="2" houseIndex="1" revealLevel="1" minLevel="1" cashPrice="0" coinsPrice="0" />
                            <room id="room3" defaultName="Kitchen" roomIndex="2" floorIndex="1" houseIndex="1" revealLevel="1" minLevel="1" cashPrice="0" coinsPrice="0" />
                            <room id="room4" defaultName="Bathroom" roomIndex="2" floorIndex="2" houseIndex="1" revealLevel="1" minLevel="1" cashPrice="0" coinsPrice="0" />
                            <room id="room5" defaultName="" roomIndex="3" floorIndex="1" houseIndex="1" revealLevel="-1" minLevel="12" cashPrice="0" coinsPrice="3000" />
                            <room id="room6" defaultName="" roomIndex="3" floorIndex="2" houseIndex="1" revealLevel="-1" minLevel="12" cashPrice="0" coinsPrice="4000" />
                            <room id="room7" defaultName="" roomIndex="4" floorIndex="1" houseIndex="1" revealLevel="-1" minLevel="12" cashPrice="0" coinsPrice="5000" />
                            <room id="room8" defaultName="" roomIndex="4" floorIndex="2" houseIndex="1" revealLevel="-1" minLevel="12" cashPrice="0" coinsPrice="6000" />
                            <room id="room9" defaultName="" roomIndex="5" floorIndex="1" houseIndex="1" revealLevel="-1" minLevel="12" cashPrice="0" coinsPrice="7000" />
                            <room id="room10" defaultName="" roomIndex="5" floorIndex="2" houseIndex="1" revealLevel="-1" minLevel="12" cashPrice="0" coinsPrice="8000" />
                            <room id="room11" defaultName="" roomIndex="1" floorIndex="3" houseIndex="1" revealLevel="-1" minLevel="12" cashPrice="0" coinsPrice="9000" />
                            <room id="room12" defaultName="" roomIndex="2" floorIndex="3" houseIndex="1" revealLevel="-1" minLevel="12" cashPrice="0" coinsPrice="10000" />
                            <room id="room13" defaultName="" roomIndex="3" floorIndex="3" houseIndex="1" revealLevel="-1" minLevel="12" cashPrice="0" coinsPrice="11000" />
                            <room id="room14" defaultName="" roomIndex="4" floorIndex="3" houseIndex="1" revealLevel="-1" minLevel="12" cashPrice="0" coinsPrice="12000" />
                            <room id="room15" defaultName="" roomIndex="5" floorIndex="3" houseIndex="1" revealLevel="-1" minLevel="12" cashPrice="0" coinsPrice="13000" />
                            <room id="room16" defaultName="" roomIndex="1" floorIndex="4" houseIndex="1" revealLevel="-1" minLevel="12" cashPrice="12" coinsPrice="0" />
                            <room id="room17" defaultName="" roomIndex="2" floorIndex="4" houseIndex="1" revealLevel="-1" minLevel="12" cashPrice="12" coinsPrice="0" />
                            <room id="room18" defaultName="" roomIndex="3" floorIndex="4" houseIndex="1" revealLevel="-1" minLevel="12" cashPrice="12" coinsPrice="0" />
                            <room id="room19" defaultName="" roomIndex="4" floorIndex="4" houseIndex="1" revealLevel="-1" minLevel="12" cashPrice="12" coinsPrice="0" />
                            <room id="room20" defaultName="" roomIndex="5" floorIndex="4" houseIndex="1" revealLevel="-1" minLevel="12" cashPrice="12" coinsPrice="0" />
                            <room id="room21" defaultName="" roomIndex="1" floorIndex="5" houseIndex="1" revealLevel="-1" minLevel="12" cashPrice="12" coinsPrice="0" />
                            <room id="room22" defaultName="" roomIndex="2" floorIndex="5" houseIndex="1" revealLevel="-1" minLevel="12" cashPrice="12" coinsPrice="0" />
                            <room id="room23" defaultName="" roomIndex="3" floorIndex="5" houseIndex="1" revealLevel="-1" minLevel="12" cashPrice="12" coinsPrice="0" />
                            <room id="room24" defaultName="" roomIndex="4" floorIndex="5" houseIndex="1" revealLevel="-1" minLevel="12" cashPrice="12" coinsPrice="0" />
                            <room id="room25" defaultName="" roomIndex="5" floorIndex="5" houseIndex="1" revealLevel="-1" minLevel="12" cashPrice="12" coinsPrice="0" />
                            <room id="room26" defaultName="" roomIndex="1" floorIndex="6" houseIndex="1" revealLevel="-1" minLevel="12" cashPrice="12" coinsPrice="0" />
                            <room id="room27" defaultName="" roomIndex="2" floorIndex="6" houseIndex="1" revealLevel="-1" minLevel="12" cashPrice="12" coinsPrice="0" />
                            <room id="room28" defaultName="" roomIndex="3" floorIndex="6" houseIndex="1" revealLevel="-1" minLevel="12" cashPrice="12" coinsPrice="0" />
                            <room id="room29" defaultName="" roomIndex="4" floorIndex="6" houseIndex="1" revealLevel="-1" minLevel="12" cashPrice="12" coinsPrice="0" />
                            <room id="room30" defaultName="" roomIndex="5" floorIndex="6" houseIndex="1" revealLevel="-1" minLevel="12" cashPrice="12" coinsPrice="0" />
                            <room id="room31" defaultName="" roomIndex="1" floorIndex="7" houseIndex="1" revealLevel="-1" minLevel="12" cashPrice="12" coinsPrice="0" />
                            <room id="room32" defaultName="" roomIndex="2" floorIndex="7" houseIndex="1" revealLevel="-1" minLevel="12" cashPrice="12" coinsPrice="0" />
                            <room id="room33" defaultName="" roomIndex="3" floorIndex="7" houseIndex="1" revealLevel="-1" minLevel="12" cashPrice="12" coinsPrice="0" />
                            <room id="room34" defaultName="" roomIndex="4" floorIndex="7" houseIndex="1" revealLevel="-1" minLevel="12" cashPrice="12" coinsPrice="0" />
                            <room id="room35" defaultName="" roomIndex="5" floorIndex="7" houseIndex="1" revealLevel="-1" minLevel="12" cashPrice="12" coinsPrice="0" />
                            <room id="room36" defaultName="" roomIndex="1" floorIndex="8" houseIndex="1" revealLevel="-1" minLevel="12" cashPrice="12" coinsPrice="0" />
                            <room id="room37" defaultName="" roomIndex="2" floorIndex="8" houseIndex="1" revealLevel="-1" minLevel="12" cashPrice="12" coinsPrice="0" />
                            <room id="room38" defaultName="" roomIndex="3" floorIndex="8" houseIndex="1" revealLevel="-1" minLevel="12" cashPrice="12" coinsPrice="0" />
                            <room id="room39" defaultName="" roomIndex="4" floorIndex="8" houseIndex="1" revealLevel="-1" minLevel="12" cashPrice="12" coinsPrice="0" />
                            <room id="room40" defaultName="" roomIndex="5" floorIndex="8" houseIndex="1" revealLevel="-1" minLevel="12" cashPrice="12" coinsPrice="0" />
                            <room id="room41" defaultName="" roomIndex="1" floorIndex="9" houseIndex="1" revealLevel="-1" minLevel="12" cashPrice="12" coinsPrice="0" />
                            <room id="room42" defaultName="" roomIndex="2" floorIndex="9" houseIndex="1" revealLevel="-1" minLevel="12" cashPrice="12" coinsPrice="0" />
                            <room id="room43" defaultName="" roomIndex="3" floorIndex="9" houseIndex="1" revealLevel="-1" minLevel="12" cashPrice="12" coinsPrice="0" />
                            <room id="room44" defaultName="" roomIndex="4" floorIndex="9" houseIndex="1" revealLevel="-1" minLevel="12" cashPrice="12" coinsPrice="0" />
                            <room id="room45" defaultName="" roomIndex="5" floorIndex="9" houseIndex="1" revealLevel="-1" minLevel="12" cashPrice="12" coinsPrice="0" />
                            <room id="room46" defaultName="" roomIndex="1" floorIndex="10" houseIndex="1" revealLevel="-1" minLevel="12" cashPrice="12" coinsPrice="0" />
                            <room id="room47" defaultName="" roomIndex="2" floorIndex="10" houseIndex="1" revealLevel="-1" minLevel="12" cashPrice="12" coinsPrice="0" />
                            <room id="room48" defaultName="" roomIndex="3" floorIndex="10" houseIndex="1" revealLevel="-1" minLevel="12" cashPrice="12" coinsPrice="0" />
                            <room id="room49" defaultName="" roomIndex="4" floorIndex="10" houseIndex="1" revealLevel="-1" minLevel="12" cashPrice="12" coinsPrice="0" />
                            <room id="room50" defaultName="" roomIndex="5" floorIndex="10" houseIndex="1" revealLevel="-1" minLevel="12" cashPrice="12" coinsPrice="0" />
                            <room id="room51" defaultName="" roomIndex="1" floorIndex="1" houseIndex="2" revealLevel="-1" minLevel="12" cashPrice="12" coinsPrice="0" />
                            <room id="room52" defaultName="" roomIndex="2" floorIndex="1" houseIndex="2" revealLevel="-1" minLevel="12" cashPrice="12" coinsPrice="0" />
                            <room id="room53" defaultName="" roomIndex="1" floorIndex="2" houseIndex="2" revealLevel="-1" minLevel="12" cashPrice="12" coinsPrice="0" />
                            <room id="room54" defaultName="" roomIndex="2" floorIndex="2" houseIndex="2" revealLevel="-1" minLevel="12" cashPrice="12" coinsPrice="0" />
                            <room id="room55" defaultName="" roomIndex="3" floorIndex="1" houseIndex="2" revealLevel="-1" minLevel="12" cashPrice="12" coinsPrice="0" />
                            <room id="room56" defaultName="" roomIndex="3" floorIndex="2" houseIndex="2" revealLevel="-1" minLevel="12" cashPrice="12" coinsPrice="0" />
                            <room id="room57" defaultName="" roomIndex="4" floorIndex="1" houseIndex="2" revealLevel="-1" minLevel="12" cashPrice="12" coinsPrice="0" />
                            <room id="room58" defaultName="" roomIndex="4" floorIndex="2" houseIndex="2" revealLevel="-1" minLevel="12" cashPrice="12" coinsPrice="0" />
                            <room id="room59" defaultName="" roomIndex="5" floorIndex="1" houseIndex="2" revealLevel="-1" minLevel="12" cashPrice="12" coinsPrice="0" />
                            <room id="room60" defaultName="" roomIndex="5" floorIndex="2" houseIndex="2" revealLevel="-1" minLevel="12" cashPrice="12" coinsPrice="0" />
                            <room id="room61" defaultName="" roomIndex="1" floorIndex="3" houseIndex="2" revealLevel="-1" minLevel="12" cashPrice="12" coinsPrice="0" />
                            <room id="room62" defaultName="" roomIndex="2" floorIndex="3" houseIndex="2" revealLevel="-1" minLevel="12" cashPrice="12" coinsPrice="0" />
                            <room id="room63" defaultName="" roomIndex="3" floorIndex="3" houseIndex="2" revealLevel="-1" minLevel="12" cashPrice="12" coinsPrice="0" />
                            <room id="room64" defaultName="" roomIndex="4" floorIndex="3" houseIndex="2" revealLevel="-1" minLevel="12" cashPrice="12" coinsPrice="0" />
                            <room id="room65" defaultName="" roomIndex="5" floorIndex="3" houseIndex="2" revealLevel="-1" minLevel="12" cashPrice="12" coinsPrice="0" />
                            <room id="room66" defaultName="" roomIndex="1" floorIndex="4" houseIndex="2" revealLevel="-1" minLevel="12" cashPrice="12" coinsPrice="0" />
                            <room id="room67" defaultName="" roomIndex="2" floorIndex="4" houseIndex="2" revealLevel="-1" minLevel="12" cashPrice="12" coinsPrice="0" />
                            <room id="room68" defaultName="" roomIndex="3" floorIndex="4" houseIndex="2" revealLevel="-1" minLevel="12" cashPrice="12" coinsPrice="0" />
                            <room id="room69" defaultName="" roomIndex="4" floorIndex="4" houseIndex="2" revealLevel="-1" minLevel="12" cashPrice="12" coinsPrice="0" />
                            <room id="room70" defaultName="" roomIndex="5" floorIndex="4" houseIndex="2" revealLevel="-1" minLevel="12" cashPrice="12" coinsPrice="0" />
                            <room id="room71" defaultName="" roomIndex="1" floorIndex="5" houseIndex="2" revealLevel="-1" minLevel="12" cashPrice="12" coinsPrice="0" />
                            <room id="room72" defaultName="" roomIndex="2" floorIndex="5" houseIndex="2" revealLevel="-1" minLevel="12" cashPrice="12" coinsPrice="0" />
                            <room id="room73" defaultName="" roomIndex="3" floorIndex="5" houseIndex="2" revealLevel="-1" minLevel="12" cashPrice="12" coinsPrice="0" />
                            <room id="room74" defaultName="" roomIndex="4" floorIndex="5" houseIndex="2" revealLevel="-1" minLevel="12" cashPrice="12" coinsPrice="0" />
                            <room id="room75" defaultName="" roomIndex="5" floorIndex="5" houseIndex="2" revealLevel="-1" minLevel="12" cashPrice="12" coinsPrice="0" />
                            <room id="room76" defaultName="" roomIndex="1" floorIndex="6" houseIndex="2" revealLevel="-1" minLevel="12" cashPrice="12" coinsPrice="0" />
                            <room id="room77" defaultName="" roomIndex="2" floorIndex="6" houseIndex="2" revealLevel="-1" minLevel="12" cashPrice="12" coinsPrice="0" />
                            <room id="room78" defaultName="" roomIndex="3" floorIndex="6" houseIndex="2" revealLevel="-1" minLevel="12" cashPrice="12" coinsPrice="0" />
                            <room id="room79" defaultName="" roomIndex="4" floorIndex="6" houseIndex="2" revealLevel="-1" minLevel="12" cashPrice="12" coinsPrice="0" />
                            <room id="room80" defaultName="" roomIndex="5" floorIndex="6" houseIndex="2" revealLevel="-1" minLevel="12" cashPrice="12" coinsPrice="0" />
                            <room id="room81" defaultName="" roomIndex="1" floorIndex="7" houseIndex="2" revealLevel="-1" minLevel="12" cashPrice="12" coinsPrice="0" />
                            <room id="room82" defaultName="" roomIndex="2" floorIndex="7" houseIndex="2" revealLevel="-1" minLevel="12" cashPrice="12" coinsPrice="0" />
                            <room id="room83" defaultName="" roomIndex="3" floorIndex="7" houseIndex="2" revealLevel="-1" minLevel="12" cashPrice="12" coinsPrice="0" />
                            <room id="room84" defaultName="" roomIndex="4" floorIndex="7" houseIndex="2" revealLevel="-1" minLevel="12" cashPrice="12" coinsPrice="0" />
                            <room id="room85" defaultName="" roomIndex="5" floorIndex="7" houseIndex="2" revealLevel="-1" minLevel="12" cashPrice="12" coinsPrice="0" />
                            <room id="room86" defaultName="" roomIndex="1" floorIndex="8" houseIndex="2" revealLevel="-1" minLevel="12" cashPrice="12" coinsPrice="0" />
                            <room id="room87" defaultName="" roomIndex="2" floorIndex="8" houseIndex="2" revealLevel="-1" minLevel="12" cashPrice="12" coinsPrice="0" />
                            <room id="room88" defaultName="" roomIndex="3" floorIndex="8" houseIndex="2" revealLevel="-1" minLevel="12" cashPrice="12" coinsPrice="0" />
                            <room id="room89" defaultName="" roomIndex="4" floorIndex="8" houseIndex="2" revealLevel="-1" minLevel="12" cashPrice="12" coinsPrice="0" />
                            <room id="room90" defaultName="" roomIndex="5" floorIndex="8" houseIndex="2" revealLevel="-1" minLevel="12" cashPrice="12" coinsPrice="0" />
                            <room id="room91" defaultName="" roomIndex="1" floorIndex="9" houseIndex="2" revealLevel="-1" minLevel="12" cashPrice="12" coinsPrice="0" />
                            <room id="room92" defaultName="" roomIndex="2" floorIndex="9" houseIndex="2" revealLevel="-1" minLevel="12" cashPrice="12" coinsPrice="0" />
                            <room id="room93" defaultName="" roomIndex="3" floorIndex="9" houseIndex="2" revealLevel="-1" minLevel="12" cashPrice="12" coinsPrice="0" />
                            <room id="room94" defaultName="" roomIndex="4" floorIndex="9" houseIndex="2" revealLevel="-1" minLevel="12" cashPrice="12" coinsPrice="0" />
                            <room id="room95" defaultName="" roomIndex="5" floorIndex="9" houseIndex="2" revealLevel="-1" minLevel="12" cashPrice="12" coinsPrice="0" />
                            <room id="room96" defaultName="" roomIndex="1" floorIndex="10" houseIndex="2" revealLevel="-1" minLevel="12" cashPrice="12" coinsPrice="0" />
                            <room id="room97" defaultName="" roomIndex="2" floorIndex="10" houseIndex="2" revealLevel="-1" minLevel="12" cashPrice="12" coinsPrice="0" />
                            <room id="room98" defaultName="" roomIndex="3" floorIndex="10" houseIndex="2" revealLevel="-1" minLevel="12" cashPrice="12" coinsPrice="0" />
                            <room id="room99" defaultName="" roomIndex="4" floorIndex="10" houseIndex="2" revealLevel="-1" minLevel="12" cashPrice="12" coinsPrice="0" />
                            <room id="room100" defaultName="" roomIndex="5" floorIndex="10" houseIndex="2" revealLevel="-1" minLevel="12" cashPrice="12" coinsPrice="0" />
                            <room id="room101" defaultName="" roomIndex="1" floorIndex="1" houseIndex="3" revealLevel="-1" minLevel="12" cashPrice="12" coinsPrice="0" />
                            <room id="room102" defaultName="" roomIndex="2" floorIndex="1" houseIndex="3" revealLevel="-1" minLevel="12" cashPrice="12" coinsPrice="0" />
                            <room id="room103" defaultName="" roomIndex="1" floorIndex="2" houseIndex="3" revealLevel="-1" minLevel="12" cashPrice="12" coinsPrice="0" />
                            <room id="room104" defaultName="" roomIndex="2" floorIndex="2" houseIndex="3" revealLevel="-1" minLevel="12" cashPrice="12" coinsPrice="0" />
                            <room id="room105" defaultName="" roomIndex="3" floorIndex="1" houseIndex="3" revealLevel="-1" minLevel="12" cashPrice="12" coinsPrice="0" />
                            <room id="room106" defaultName="" roomIndex="3" floorIndex="2" houseIndex="3" revealLevel="-1" minLevel="12" cashPrice="12" coinsPrice="0" />
                            <room id="room107" defaultName="" roomIndex="4" floorIndex="1" houseIndex="3" revealLevel="-1" minLevel="12" cashPrice="12" coinsPrice="0" />
                            <room id="room108" defaultName="" roomIndex="4" floorIndex="2" houseIndex="3" revealLevel="-1" minLevel="12" cashPrice="12" coinsPrice="0" />
                            <room id="room109" defaultName="" roomIndex="5" floorIndex="1" houseIndex="3" revealLevel="-1" minLevel="12" cashPrice="12" coinsPrice="0" />
                            <room id="room110" defaultName="" roomIndex="5" floorIndex="2" houseIndex="3" revealLevel="-1" minLevel="12" cashPrice="12" coinsPrice="0" />
                            <room id="room111" defaultName="" roomIndex="1" floorIndex="3" houseIndex="3" revealLevel="-1" minLevel="12" cashPrice="12" coinsPrice="0" />
                            <room id="room112" defaultName="" roomIndex="2" floorIndex="3" houseIndex="3" revealLevel="-1" minLevel="12" cashPrice="12" coinsPrice="0" />
                            <room id="room113" defaultName="" roomIndex="3" floorIndex="3" houseIndex="3" revealLevel="-1" minLevel="12" cashPrice="12" coinsPrice="0" />
                            <room id="room114" defaultName="" roomIndex="4" floorIndex="3" houseIndex="3" revealLevel="-1" minLevel="12" cashPrice="12" coinsPrice="0" />
                            <room id="room115" defaultName="" roomIndex="5" floorIndex="3" houseIndex="3" revealLevel="-1" minLevel="12" cashPrice="12" coinsPrice="0" />
                            <room id="room116" defaultName="" roomIndex="1" floorIndex="4" houseIndex="3" revealLevel="-1" minLevel="12" cashPrice="12" coinsPrice="0" />
                            <room id="room117" defaultName="" roomIndex="2" floorIndex="4" houseIndex="3" revealLevel="-1" minLevel="12" cashPrice="12" coinsPrice="0" />
                            <room id="room118" defaultName="" roomIndex="3" floorIndex="4" houseIndex="3" revealLevel="-1" minLevel="12" cashPrice="12" coinsPrice="0" />
                            <room id="room119" defaultName="" roomIndex="4" floorIndex="4" houseIndex="3" revealLevel="-1" minLevel="12" cashPrice="12" coinsPrice="0" />
                            <room id="room120" defaultName="" roomIndex="5" floorIndex="4" houseIndex="3" revealLevel="-1" minLevel="12" cashPrice="12" coinsPrice="0" />
                            <room id="room121" defaultName="" roomIndex="1" floorIndex="5" houseIndex="3" revealLevel="-1" minLevel="12" cashPrice="12" coinsPrice="0" />
                            <room id="room122" defaultName="" roomIndex="2" floorIndex="5" houseIndex="3" revealLevel="-1" minLevel="12" cashPrice="12" coinsPrice="0" />
                            <room id="room123" defaultName="" roomIndex="3" floorIndex="5" houseIndex="3" revealLevel="-1" minLevel="12" cashPrice="12" coinsPrice="0" />
                            <room id="room124" defaultName="" roomIndex="4" floorIndex="5" houseIndex="3" revealLevel="-1" minLevel="12" cashPrice="12" coinsPrice="0" />
                            <room id="room125" defaultName="" roomIndex="5" floorIndex="5" houseIndex="3" revealLevel="-1" minLevel="12" cashPrice="12" coinsPrice="0" />
                            <room id="room126" defaultName="" roomIndex="1" floorIndex="6" houseIndex="3" revealLevel="-1" minLevel="12" cashPrice="12" coinsPrice="0" />
                            <room id="room127" defaultName="" roomIndex="2" floorIndex="6" houseIndex="3" revealLevel="-1" minLevel="12" cashPrice="12" coinsPrice="0" />
                            <room id="room128" defaultName="" roomIndex="3" floorIndex="6" houseIndex="3" revealLevel="-1" minLevel="12" cashPrice="12" coinsPrice="0" />
                            <room id="room129" defaultName="" roomIndex="4" floorIndex="6" houseIndex="3" revealLevel="-1" minLevel="12" cashPrice="12" coinsPrice="0" />
                            <room id="room130" defaultName="" roomIndex="5" floorIndex="6" houseIndex="3" revealLevel="-1" minLevel="12" cashPrice="12" coinsPrice="0" />
                            <room id="room131" defaultName="" roomIndex="1" floorIndex="7" houseIndex="3" revealLevel="-1" minLevel="12" cashPrice="12" coinsPrice="0" />
                            <room id="room132" defaultName="" roomIndex="2" floorIndex="7" houseIndex="3" revealLevel="-1" minLevel="12" cashPrice="12" coinsPrice="0" />
                            <room id="room133" defaultName="" roomIndex="3" floorIndex="7" houseIndex="3" revealLevel="-1" minLevel="12" cashPrice="12" coinsPrice="0" />
                            <room id="room134" defaultName="" roomIndex="4" floorIndex="7" houseIndex="3" revealLevel="-1" minLevel="12" cashPrice="12" coinsPrice="0" />
                            <room id="room135" defaultName="" roomIndex="5" floorIndex="7" houseIndex="3" revealLevel="-1" minLevel="12" cashPrice="12" coinsPrice="0" />
                            <room id="room136" defaultName="" roomIndex="1" floorIndex="8" houseIndex="3" revealLevel="-1" minLevel="12" cashPrice="12" coinsPrice="0" />
                            <room id="room137" defaultName="" roomIndex="2" floorIndex="8" houseIndex="3" revealLevel="-1" minLevel="12" cashPrice="12" coinsPrice="0" />
                            <room id="room138" defaultName="" roomIndex="3" floorIndex="8" houseIndex="3" revealLevel="-1" minLevel="12" cashPrice="12" coinsPrice="0" />
                            <room id="room139" defaultName="" roomIndex="4" floorIndex="8" houseIndex="3" revealLevel="-1" minLevel="12" cashPrice="12" coinsPrice="0" />
                            <room id="room140" defaultName="" roomIndex="5" floorIndex="8" houseIndex="3" revealLevel="-1" minLevel="12" cashPrice="12" coinsPrice="0" />
                            <room id="room141" defaultName="" roomIndex="1" floorIndex="9" houseIndex="3" revealLevel="-1" minLevel="12" cashPrice="12" coinsPrice="0" />
                            <room id="room142" defaultName="" roomIndex="2" floorIndex="9" houseIndex="3" revealLevel="-1" minLevel="12" cashPrice="12" coinsPrice="0" />
                            <room id="room143" defaultName="" roomIndex="3" floorIndex="9" houseIndex="3" revealLevel="-1" minLevel="12" cashPrice="12" coinsPrice="0" />
                            <room id="room144" defaultName="" roomIndex="4" floorIndex="9" houseIndex="3" revealLevel="-1" minLevel="12" cashPrice="12" coinsPrice="0" />
                            <room id="room145" defaultName="" roomIndex="5" floorIndex="9" houseIndex="3" revealLevel="-1" minLevel="12" cashPrice="12" coinsPrice="0" />
                            <room id="room146" defaultName="" roomIndex="1" floorIndex="10" houseIndex="3" revealLevel="-1" minLevel="12" cashPrice="12" coinsPrice="0" />
                            <room id="room147" defaultName="" roomIndex="2" floorIndex="10" houseIndex="3" revealLevel="-1" minLevel="12" cashPrice="12" coinsPrice="0" />
                            <room id="room148" defaultName="" roomIndex="3" floorIndex="10" houseIndex="3" revealLevel="-1" minLevel="12" cashPrice="12" coinsPrice="0" />
                            <room id="room149" defaultName="" roomIndex="4" floorIndex="10" houseIndex="3" revealLevel="-1" minLevel="12" cashPrice="12" coinsPrice="0" />
                            <room id="room150" defaultName="" roomIndex="5" floorIndex="10" houseIndex="3" revealLevel="-1" minLevel="12" cashPrice="12" coinsPrice="0" />
                            <room id="room151" defaultName="" roomIndex="1" floorIndex="1" houseIndex="4" revealLevel="-1" minLevel="12" cashPrice="12" coinsPrice="0" />
                            <room id="room152" defaultName="" roomIndex="2" floorIndex="1" houseIndex="4" revealLevel="-1" minLevel="12" cashPrice="12" coinsPrice="0" />
                            <room id="room153" defaultName="" roomIndex="1" floorIndex="2" houseIndex="4" revealLevel="-1" minLevel="12" cashPrice="12" coinsPrice="0" />
                            <room id="room154" defaultName="" roomIndex="2" floorIndex="2" houseIndex="4" revealLevel="-1" minLevel="12" cashPrice="12" coinsPrice="0" />
                            <room id="room155" defaultName="" roomIndex="3" floorIndex="1" houseIndex="4" revealLevel="-1" minLevel="12" cashPrice="12" coinsPrice="0" />
                            <room id="room156" defaultName="" roomIndex="3" floorIndex="2" houseIndex="4" revealLevel="-1" minLevel="12" cashPrice="12" coinsPrice="0" />
                            <room id="room157" defaultName="" roomIndex="4" floorIndex="1" houseIndex="4" revealLevel="-1" minLevel="12" cashPrice="12" coinsPrice="0" />
                            <room id="room158" defaultName="" roomIndex="4" floorIndex="2" houseIndex="4" revealLevel="-1" minLevel="12" cashPrice="12" coinsPrice="0" />
                            <room id="room159" defaultName="" roomIndex="5" floorIndex="1" houseIndex="4" revealLevel="-1" minLevel="12" cashPrice="12" coinsPrice="0" />
                            <room id="room160" defaultName="" roomIndex="5" floorIndex="2" houseIndex="4" revealLevel="-1" minLevel="12" cashPrice="12" coinsPrice="0" />
                            <room id="room161" defaultName="" roomIndex="1" floorIndex="3" houseIndex="4" revealLevel="-1" minLevel="12" cashPrice="12" coinsPrice="0" />
                            <room id="room162" defaultName="" roomIndex="2" floorIndex="3" houseIndex="4" revealLevel="-1" minLevel="12" cashPrice="12" coinsPrice="0" />
                            <room id="room163" defaultName="" roomIndex="3" floorIndex="3" houseIndex="4" revealLevel="-1" minLevel="12" cashPrice="12" coinsPrice="0" />
                            <room id="room164" defaultName="" roomIndex="4" floorIndex="3" houseIndex="4" revealLevel="-1" minLevel="12" cashPrice="12" coinsPrice="0" />
                            <room id="room165" defaultName="" roomIndex="5" floorIndex="3" houseIndex="4" revealLevel="-1" minLevel="12" cashPrice="12" coinsPrice="0" />
                            <room id="room166" defaultName="" roomIndex="1" floorIndex="4" houseIndex="4" revealLevel="-1" minLevel="12" cashPrice="12" coinsPrice="0" />
                            <room id="room167" defaultName="" roomIndex="2" floorIndex="4" houseIndex="4" revealLevel="-1" minLevel="12" cashPrice="12" coinsPrice="0" />
                            <room id="room168" defaultName="" roomIndex="3" floorIndex="4" houseIndex="4" revealLevel="-1" minLevel="12" cashPrice="12" coinsPrice="0" />
                            <room id="room169" defaultName="" roomIndex="4" floorIndex="4" houseIndex="4" revealLevel="-1" minLevel="12" cashPrice="12" coinsPrice="0" />
                            <room id="room170" defaultName="" roomIndex="5" floorIndex="4" houseIndex="4" revealLevel="-1" minLevel="12" cashPrice="12" coinsPrice="0" />
                            <room id="room171" defaultName="" roomIndex="1" floorIndex="5" houseIndex="4" revealLevel="-1" minLevel="12" cashPrice="12" coinsPrice="0" />
                            <room id="room172" defaultName="" roomIndex="2" floorIndex="5" houseIndex="4" revealLevel="-1" minLevel="12" cashPrice="12" coinsPrice="0" />
                            <room id="room173" defaultName="" roomIndex="3" floorIndex="5" houseIndex="4" revealLevel="-1" minLevel="12" cashPrice="12" coinsPrice="0" />
                            <room id="room174" defaultName="" roomIndex="4" floorIndex="5" houseIndex="4" revealLevel="-1" minLevel="12" cashPrice="12" coinsPrice="0" />
                            <room id="room175" defaultName="" roomIndex="5" floorIndex="5" houseIndex="4" revealLevel="-1" minLevel="12" cashPrice="12" coinsPrice="0" />
                            <room id="room176" defaultName="" roomIndex="1" floorIndex="6" houseIndex="4" revealLevel="-1" minLevel="12" cashPrice="12" coinsPrice="0" />
                            <room id="room177" defaultName="" roomIndex="2" floorIndex="6" houseIndex="4" revealLevel="-1" minLevel="12" cashPrice="12" coinsPrice="0" />
                            <room id="room178" defaultName="" roomIndex="3" floorIndex="6" houseIndex="4" revealLevel="-1" minLevel="12" cashPrice="12" coinsPrice="0" />
                            <room id="room179" defaultName="" roomIndex="4" floorIndex="6" houseIndex="4" revealLevel="-1" minLevel="12" cashPrice="12" coinsPrice="0" />
                            <room id="room180" defaultName="" roomIndex="5" floorIndex="6" houseIndex="4" revealLevel="-1" minLevel="12" cashPrice="12" coinsPrice="0" />
                            <room id="room181" defaultName="" roomIndex="1" floorIndex="7" houseIndex="4" revealLevel="-1" minLevel="12" cashPrice="12" coinsPrice="0" />
                            <room id="room182" defaultName="" roomIndex="2" floorIndex="7" houseIndex="4" revealLevel="-1" minLevel="12" cashPrice="12" coinsPrice="0" />
                            <room id="room183" defaultName="" roomIndex="3" floorIndex="7" houseIndex="4" revealLevel="-1" minLevel="12" cashPrice="12" coinsPrice="0" />
                            <room id="room184" defaultName="" roomIndex="4" floorIndex="7" houseIndex="4" revealLevel="-1" minLevel="12" cashPrice="12" coinsPrice="0" />
                            <room id="room185" defaultName="" roomIndex="5" floorIndex="7" houseIndex="4" revealLevel="-1" minLevel="12" cashPrice="12" coinsPrice="0" />
                            <room id="room186" defaultName="" roomIndex="1" floorIndex="8" houseIndex="4" revealLevel="-1" minLevel="12" cashPrice="12" coinsPrice="0" />
                            <room id="room187" defaultName="" roomIndex="2" floorIndex="8" houseIndex="4" revealLevel="-1" minLevel="12" cashPrice="12" coinsPrice="0" />
                            <room id="room188" defaultName="" roomIndex="3" floorIndex="8" houseIndex="4" revealLevel="-1" minLevel="12" cashPrice="12" coinsPrice="0" />
                            <room id="room189" defaultName="" roomIndex="4" floorIndex="8" houseIndex="4" revealLevel="-1" minLevel="12" cashPrice="12" coinsPrice="0" />
                            <room id="room190" defaultName="" roomIndex="5" floorIndex="8" houseIndex="4" revealLevel="-1" minLevel="12" cashPrice="12" coinsPrice="0" />
                            <room id="room191" defaultName="" roomIndex="1" floorIndex="9" houseIndex="4" revealLevel="-1" minLevel="12" cashPrice="12" coinsPrice="0" />
                            <room id="room192" defaultName="" roomIndex="2" floorIndex="9" houseIndex="4" revealLevel="-1" minLevel="12" cashPrice="12" coinsPrice="0" />
                            <room id="room193" defaultName="" roomIndex="3" floorIndex="9" houseIndex="4" revealLevel="-1" minLevel="12" cashPrice="12" coinsPrice="0" />
                            <room id="room194" defaultName="" roomIndex="4" floorIndex="9" houseIndex="4" revealLevel="-1" minLevel="12" cashPrice="12" coinsPrice="0" />
                            <room id="room195" defaultName="" roomIndex="5" floorIndex="9" houseIndex="4" revealLevel="-1" minLevel="12" cashPrice="12" coinsPrice="0" />
                            <room id="room196" defaultName="" roomIndex="1" floorIndex="10" houseIndex="4" revealLevel="-1" minLevel="12" cashPrice="12" coinsPrice="0" />
                            <room id="room197" defaultName="" roomIndex="2" floorIndex="10" houseIndex="4" revealLevel="-1" minLevel="12" cashPrice="12" coinsPrice="0" />
                            <room id="room198" defaultName="" roomIndex="3" floorIndex="10" houseIndex="4" revealLevel="-1" minLevel="12" cashPrice="12" coinsPrice="0" />
                            <room id="room199" defaultName="" roomIndex="4" floorIndex="10" houseIndex="4" revealLevel="-1" minLevel="12" cashPrice="12" coinsPrice="0" />
                            <room id="room200" defaultName="" roomIndex="5" floorIndex="10" houseIndex="4" revealLevel="-1" minLevel="12" cashPrice="12" coinsPrice="0" />
                            <room id="room201" defaultName="" roomIndex="1" floorIndex="1" houseIndex="5" revealLevel="-1" minLevel="12" cashPrice="12" coinsPrice="0" />
                            <room id="room202" defaultName="" roomIndex="2" floorIndex="1" houseIndex="5" revealLevel="-1" minLevel="12" cashPrice="12" coinsPrice="0" />
                            <room id="room203" defaultName="" roomIndex="1" floorIndex="2" houseIndex="5" revealLevel="-1" minLevel="12" cashPrice="12" coinsPrice="0" />
                            <room id="room204" defaultName="" roomIndex="2" floorIndex="2" houseIndex="5" revealLevel="-1" minLevel="12" cashPrice="12" coinsPrice="0" />
                            <room id="room205" defaultName="" roomIndex="3" floorIndex="1" houseIndex="5" revealLevel="-1" minLevel="12" cashPrice="12" coinsPrice="0" />
                            <room id="room206" defaultName="" roomIndex="3" floorIndex="2" houseIndex="5" revealLevel="-1" minLevel="12" cashPrice="12" coinsPrice="0" />
                            <room id="room207" defaultName="" roomIndex="4" floorIndex="1" houseIndex="5" revealLevel="-1" minLevel="12" cashPrice="12" coinsPrice="0" />
                            <room id="room208" defaultName="" roomIndex="4" floorIndex="2" houseIndex="5" revealLevel="-1" minLevel="12" cashPrice="12" coinsPrice="0" />
                            <room id="room209" defaultName="" roomIndex="5" floorIndex="1" houseIndex="5" revealLevel="-1" minLevel="12" cashPrice="12" coinsPrice="0" />
                            <room id="room210" defaultName="" roomIndex="5" floorIndex="2" houseIndex="5" revealLevel="-1" minLevel="12" cashPrice="12" coinsPrice="0" />
                            <room id="room211" defaultName="" roomIndex="1" floorIndex="3" houseIndex="5" revealLevel="-1" minLevel="12" cashPrice="12" coinsPrice="0" />
                            <room id="room212" defaultName="" roomIndex="2" floorIndex="3" houseIndex="5" revealLevel="-1" minLevel="12" cashPrice="12" coinsPrice="0" />
                            <room id="room213" defaultName="" roomIndex="3" floorIndex="3" houseIndex="5" revealLevel="-1" minLevel="12" cashPrice="12" coinsPrice="0" />
                            <room id="room214" defaultName="" roomIndex="4" floorIndex="3" houseIndex="5" revealLevel="-1" minLevel="12" cashPrice="12" coinsPrice="0" />
                            <room id="room215" defaultName="" roomIndex="5" floorIndex="3" houseIndex="5" revealLevel="-1" minLevel="12" cashPrice="12" coinsPrice="0" />
                            <room id="room216" defaultName="" roomIndex="1" floorIndex="4" houseIndex="5" revealLevel="-1" minLevel="12" cashPrice="12" coinsPrice="0" />
                            <room id="room217" defaultName="" roomIndex="2" floorIndex="4" houseIndex="5" revealLevel="-1" minLevel="12" cashPrice="12" coinsPrice="0" />
                            <room id="room218" defaultName="" roomIndex="3" floorIndex="4" houseIndex="5" revealLevel="-1" minLevel="12" cashPrice="12" coinsPrice="0" />
                            <room id="room219" defaultName="" roomIndex="4" floorIndex="4" houseIndex="5" revealLevel="-1" minLevel="12" cashPrice="12" coinsPrice="0" />
                            <room id="room220" defaultName="" roomIndex="5" floorIndex="4" houseIndex="5" revealLevel="-1" minLevel="12" cashPrice="12" coinsPrice="0" />
                            <room id="room221" defaultName="" roomIndex="1" floorIndex="5" houseIndex="5" revealLevel="-1" minLevel="12" cashPrice="12" coinsPrice="0" />
                            <room id="room222" defaultName="" roomIndex="2" floorIndex="5" houseIndex="5" revealLevel="-1" minLevel="12" cashPrice="12" coinsPrice="0" />
                            <room id="room223" defaultName="" roomIndex="3" floorIndex="5" houseIndex="5" revealLevel="-1" minLevel="12" cashPrice="12" coinsPrice="0" />
                            <room id="room224" defaultName="" roomIndex="4" floorIndex="5" houseIndex="5" revealLevel="-1" minLevel="12" cashPrice="12" coinsPrice="0" />
                            <room id="room225" defaultName="" roomIndex="5" floorIndex="5" houseIndex="5" revealLevel="-1" minLevel="12" cashPrice="12" coinsPrice="0" />
                            <room id="room226" defaultName="" roomIndex="1" floorIndex="6" houseIndex="5" revealLevel="-1" minLevel="12" cashPrice="12" coinsPrice="0" />
                            <room id="room227" defaultName="" roomIndex="2" floorIndex="6" houseIndex="5" revealLevel="-1" minLevel="12" cashPrice="12" coinsPrice="0" />
                            <room id="room228" defaultName="" roomIndex="3" floorIndex="6" houseIndex="5" revealLevel="-1" minLevel="12" cashPrice="12" coinsPrice="0" />
                            <room id="room229" defaultName="" roomIndex="4" floorIndex="6" houseIndex="5" revealLevel="-1" minLevel="12" cashPrice="12" coinsPrice="0" />
                            <room id="room230" defaultName="" roomIndex="5" floorIndex="6" houseIndex="5" revealLevel="-1" minLevel="12" cashPrice="12" coinsPrice="0" />
                            <room id="room231" defaultName="" roomIndex="1" floorIndex="7" houseIndex="5" revealLevel="-1" minLevel="12" cashPrice="12" coinsPrice="0" />
                            <room id="room232" defaultName="" roomIndex="2" floorIndex="7" houseIndex="5" revealLevel="-1" minLevel="12" cashPrice="12" coinsPrice="0" />
                            <room id="room233" defaultName="" roomIndex="3" floorIndex="7" houseIndex="5" revealLevel="-1" minLevel="12" cashPrice="12" coinsPrice="0" />
                            <room id="room234" defaultName="" roomIndex="4" floorIndex="7" houseIndex="5" revealLevel="-1" minLevel="12" cashPrice="12" coinsPrice="0" />
                            <room id="room235" defaultName="" roomIndex="5" floorIndex="7" houseIndex="5" revealLevel="-1" minLevel="12" cashPrice="12" coinsPrice="0" />
                            <room id="room236" defaultName="" roomIndex="1" floorIndex="8" houseIndex="5" revealLevel="-1" minLevel="12" cashPrice="12" coinsPrice="0" />
                            <room id="room237" defaultName="" roomIndex="2" floorIndex="8" houseIndex="5" revealLevel="-1" minLevel="12" cashPrice="12" coinsPrice="0" />
                            <room id="room238" defaultName="" roomIndex="3" floorIndex="8" houseIndex="5" revealLevel="-1" minLevel="12" cashPrice="12" coinsPrice="0" />
                            <room id="room239" defaultName="" roomIndex="4" floorIndex="8" houseIndex="5" revealLevel="-1" minLevel="12" cashPrice="12" coinsPrice="0" />
                            <room id="room240" defaultName="" roomIndex="5" floorIndex="8" houseIndex="5" revealLevel="-1" minLevel="12" cashPrice="12" coinsPrice="0" />
                            <room id="room241" defaultName="" roomIndex="1" floorIndex="9" houseIndex="5" revealLevel="-1" minLevel="12" cashPrice="12" coinsPrice="0" />
                            <room id="room242" defaultName="" roomIndex="2" floorIndex="9" houseIndex="5" revealLevel="-1" minLevel="12" cashPrice="12" coinsPrice="0" />
                            <room id="room243" defaultName="" roomIndex="3" floorIndex="9" houseIndex="5" revealLevel="-1" minLevel="12" cashPrice="12" coinsPrice="0" />
                            <room id="room244" defaultName="" roomIndex="4" floorIndex="9" houseIndex="5" revealLevel="-1" minLevel="12" cashPrice="12" coinsPrice="0" />
                            <room id="room245" defaultName="" roomIndex="5" floorIndex="9" houseIndex="5" revealLevel="-1" minLevel="12" cashPrice="12" coinsPrice="0" />
                            <room id="room246" defaultName="" roomIndex="1" floorIndex="10" houseIndex="5" revealLevel="-1" minLevel="12" cashPrice="12" coinsPrice="0" />
                            <room id="room247" defaultName="" roomIndex="2" floorIndex="10" houseIndex="5" revealLevel="-1" minLevel="12" cashPrice="12" coinsPrice="0" />
                            <room id="room248" defaultName="" roomIndex="3" floorIndex="10" houseIndex="5" revealLevel="-1" minLevel="12" cashPrice="12" coinsPrice="0" />
                            <room id="room249" defaultName="" roomIndex="4" floorIndex="10" houseIndex="5" revealLevel="-1" minLevel="12" cashPrice="12" coinsPrice="0" />
                            <room id="room250" defaultName="" roomIndex="5" floorIndex="10" houseIndex="5" revealLevel="-1" minLevel="12" cashPrice="12" coinsPrice="0" />
                    </rooms>
    </housePart>

	<housePart type="storage">
		<rooms>
                            <room id="storage1" defaultName="" roomIndex="1" revealLevel="1" minLevel="1" cashPrice="0" coinsPrice="0" />
                            <room id="storage2" defaultName="" roomIndex="2" revealLevel="1" minLevel="1" cashPrice="12" coinsPrice="0" />
                            <room id="storage3" defaultName="" roomIndex="3" revealLevel="1" minLevel="1" cashPrice="12" coinsPrice="0" />
                            <room id="storage4" defaultName="" roomIndex="4" revealLevel="1" minLevel="1" cashPrice="12" coinsPrice="0" />
                            <room id="storage5" defaultName="" roomIndex="5" revealLevel="1" minLevel="1" cashPrice="12" coinsPrice="0" />
                            <room id="storage6" defaultName="" roomIndex="6" revealLevel="1" minLevel="1" cashPrice="12" coinsPrice="0" />
                            <room id="storage7" defaultName="" roomIndex="7" revealLevel="1" minLevel="1" cashPrice="12" coinsPrice="0" />
                            <room id="storage8" defaultName="" roomIndex="8" revealLevel="1" minLevel="1" cashPrice="12" coinsPrice="0" />
                            <room id="storage9" defaultName="" roomIndex="9" revealLevel="1" minLevel="1" cashPrice="12" coinsPrice="0" />
                            <room id="storage10" defaultName="" roomIndex="10" revealLevel="1" minLevel="1" cashPrice="12" coinsPrice="0" />
                            <room id="storage11" defaultName="" roomIndex="0" revealLevel="1" minLevel="1" cashPrice="12" coinsPrice="0" />
            		</rooms>
	</housePart>

	<housePart type="closet">
		<presetAssets>
                            <asset id="31105" placementCoordinates="1,0,0,1,0,0" />
                            <asset id="31119" placementCoordinates="1,0,0,1,0,0" />
            		</presetAssets>
		<rooms>
                            <room id="closet1" defaultName="" roomIndex="1" revealLevel="1" minLevel="1" cashPrice="0" coinsPrice="0" />
                            <room id="closet2" defaultName="" roomIndex="2" revealLevel="1" minLevel="1" cashPrice="12" coinsPrice="0" />
                            <room id="closet3" defaultName="" roomIndex="3" revealLevel="1" minLevel="1" cashPrice="12" coinsPrice="0" />
                            <room id="closet4" defaultName="" roomIndex="4" revealLevel="1" minLevel="1" cashPrice="12" coinsPrice="0" />
                            <room id="closet5" defaultName="" roomIndex="5" revealLevel="1" minLevel="1" cashPrice="12" coinsPrice="0" />
                            <room id="closet6" defaultName="" roomIndex="6" revealLevel="1" minLevel="1" cashPrice="12" coinsPrice="0" />
                            <room id="closet7" defaultName="" roomIndex="7" revealLevel="1" minLevel="1" cashPrice="12" coinsPrice="0" />
                            <room id="closet8" defaultName="" roomIndex="8" revealLevel="1" minLevel="1" cashPrice="12" coinsPrice="0" />
                            <room id="closet9" defaultName="" roomIndex="9" revealLevel="1" minLevel="1" cashPrice="12" coinsPrice="0" />
                            <room id="closet10" defaultName="" roomIndex="10" revealLevel="1" minLevel="1" cashPrice="12" coinsPrice="0" />
                            <room id="closet11" defaultName="" roomIndex="0" revealLevel="1" minLevel="1" cashPrice="12" coinsPrice="0" />
            		</rooms>
	</housePart>
</houseParts>
