<?xml version="1.0" encoding="UTF-8"?><learningItemsConfig>
    <probabilities>
                    <chance min="5" probability="100" />
                    <chance min="10" probability="70" />
                    <chance min="25" probability="50" />
                    <chance min="50" probability="25" />
                    <chance min="100" probability="1" />
        	</probabilities>
	<learningItems>
                    <learningItem id="1" assetId="32586" name="Calculator" minLevel="1"/>
                    <learningItem id="2" assetId="32593" name="Ruler" minLevel="1"/>
                    <learningItem id="3" assetId="32587" name="Paper Clip" minLevel="1"/>
                    <learningItem id="4" assetId="32588" name="Alarm Clock" minLevel="1"/>
                    <learningItem id="5" assetId="32589" name="Eraser" minLevel="1"/>
                    <learningItem id="6" assetId="32590" name="Magnifying Glass" minLevel="1"/>
                    <learningItem id="7" assetId="32591" name="Crayons" minLevel="1"/>
                    <learningItem id="8" assetId="32592" name="Pencil" minLevel="1"/>
        	</learningItems>
</learningItemsConfig>
