<?xml version="1.0" encoding="UTF-8"?><levels>
            <item id="1" name="Bundle of Joy" xp="0" awardId="19521" />
            <item id="2" name="Precious Buttercup" xp="75" awardId="19522" />
            <item id="3" name="Lil Cutie" xp="175" awardId="19523" />
            <item id="4" name="Little Buddy" xp="400" awardId="19524" />
            <item id="5" name="Sporting Buddy" xp="650" awardId="19525" />
            <item id="6" name="Nifty Newbie" xp="950" awardId="19526" />
            <item id="7" name="Rockin' Rookie" xp="1300" awardId="19527" />
            <item id="8" name="Adventurous Pet" xp="1700" awardId="19528" />
            <item id="9" name="Sweet as Honey" xp="2150" awardId="19529" />
            <item id="10" name="Adorable Petster" xp="2550" awardId="19530" />
            <item id="11" name="Spiffy Dresser" xp="3100" awardId="19531" />
            <item id="12" name="Fluffy BFF" xp="3900" awardId="19532" />
            <item id="13" name="Culinary Critter" xp="4700" awardId="19533" />
            <item id="14" name="Frolicsome Pet" xp="5500" awardId="19534" />
            <item id="15" name="Crowd Pleaser" xp="6350" awardId="19535" />
            <item id="16" name="Sweet n Smiley" xp="7300" awardId="19536" />
            <item id="17" name="Super Fluffster" xp="9200" awardId="19537" />
            <item id="18" name="Dreamy Pet" xp="11200" awardId="19538" />
            <item id="19" name="Delightful Petster" xp="13200" awardId="19539" />
            <item id="20" name="Pampered Pet" xp="15300" awardId="19540" />
            <item id="21" name="Fruit Lover" xp="18300" awardId="19541" />
            <item id="22" name="Huggable Pet" xp="21500" awardId="19542" />
            <item id="23" name="Charming Critter" xp="24600" awardId="19543" />
            <item id="24" name="Mega Pal" xp="27900" awardId="19544" />
            <item id="25" name="Sudsy Pet" xp="31900" awardId="19545" />
            <item id="26" name="Happy Helper" xp="36000" awardId="19546" />
            <item id="27" name="Chummy Neighbor" xp="40200" awardId="19547" />
            <item id="28" name="Winsome Pet" xp="44400" awardId="19548" />
            <item id="29" name="Furry Socialite" xp="48500" awardId="19549" />
            <item id="30" name="Social Maven" xp="52700" awardId="19550" />
            <item id="31" name="Amicable Pet" xp="56900" awardId="19551" />
            <item id="32" name="Play Buddy" xp="61100" awardId="19552" />
            <item id="33" name="Outstanding Purrball" xp="65300" awardId="19553" />
            <item id="34" name="E-amigo" xp="70300" awardId="19554" />
            <item id="35" name="Fanciful Pet" xp="75300" awardId="19555" />
            <item id="36" name="Purrfect Paws" xp="80300" awardId="19556" />
            <item id="37" name="Uber Scenester" xp="85300" awardId="19557" />
            <item id="38" name="Fuzzy Buddy" xp="90300" awardId="19558" />
            <item id="39" name="Fancy Pants" xp="95300" awardId="19559" />
            <item id="40" name="Uber Pet" xp="100300" awardId="19560" />
            <item id="41" name="Friendly Furball" xp="105800" awardId="19561" />
            <item id="42" name="Captivating Charmer" xp="111300" awardId="19562" />
            <item id="43" name="Primo Compadre" xp="116800" awardId="19563" />
            <item id="44" name="Gold Star Friend" xp="122300" awardId="19564" />
            <item id="45" name="Pet About Town" xp="127800" awardId="19565" />
            <item id="46" name="Treasured Pet" xp="133300" awardId="19566" />
            <item id="47" name="Super Buddy" xp="139300" awardId="19567" />
            <item id="48" name="Celebrated Foodie" xp="145300" awardId="19568" />
            <item id="49" name="Talk of the Town" xp="151300" awardId="19569" />
            <item id="50" name="Show Stopper" xp="157300" awardId="19570" />
            <item id="51" name="Ray of Sunshine" xp="167300" awardId="19571" />
            <item id="52" name="Just Peachy" xp="177300" awardId="19572" />
            <item id="53" name="Barrel of Laughs" xp="189300" awardId="19573" />
            <item id="54" name="Bundle of Goodness" xp="203300" awardId="19574" />
            <item id="55" name="Sweet as Sugar" xp="219300" awardId="19575" />
            <item id="56" name="Lavished Pet" xp="236300" awardId="19576" />
            <item id="57" name="Pampered Pet" xp="254660" awardId="19577" />
            <item id="58" name="Cheerful Cherub" xp="274400" awardId="19578" />
            <item id="59" name="Cream of the Crop" xp="295900" awardId="19579" />
            <item id="60" name="Cuddly BFF" xp="319000" awardId="19580" />
            <item id="61" name="A Real Looker" xp="344000" awardId="19581" />
            <item id="62" name="Delightful Buttercup" xp="370900" awardId="19582" />
            <item id="63" name="Fluff Puff" xp="400100" awardId="19583" />
            <item id="64" name="Daily Pleaser" xp="431500" awardId="19584" />
            <item id="65" name="Adorable Angel" xp="464600" awardId="19585" />
            <item id="66" name="Sweet Charmer" xp="499300" awardId="19586" />
            <item id="67" name="Enchanting Petster" xp="535700" awardId="19587" />
            <item id="68" name="Cherished Chikadee" xp="572500" awardId="19588" />
            <item id="69" name="Delectable Pet" xp="609600" awardId="19589" />
            <item id="70" name="Bundle of Bliss" xp="647200" awardId="19590" />
            <item id="71" name="Happy go Lucky" xp="685100" awardId="19591" />
            <item id="72" name="Gleeful Companion" xp="723400" awardId="19592" />
            <item id="73" name="Cherished Petkins" xp="762000" awardId="19593" />
            <item id="74" name="Spoonful of Joy" xp="801100" awardId="19594" />
            <item id="75" name="Sweetie Patootie" xp="840500" awardId="19595" />
            <item id="76" name="Daily Delight" xp="880400" awardId="19596" />
            <item id="77" name="Ray of Sunshine" xp="920600" awardId="19597" />
            <item id="78" name="Social Butterfly" xp="961200" awardId="19598" />
            <item id="79" name="Barrel of Kisses" xp="1002300" awardId="19599" />
            <item id="80" name="Angel Face" xp="1043700" awardId="19600" />
            <item id="81" name="Sight for Sore Eyes" xp="1085600" awardId="19601" />
            <item id="82" name="Huggable Luvable" xp="1127900" awardId="19602" />
            <item id="83" name="Balls of Fun" xp="1170600" awardId="19603" />
            <item id="84" name="Lovable Wonder" xp="1213700" awardId="19604" />
            <item id="85" name="Big Dreamer" xp="1257300" awardId="19605" />
            <item id="86" name="Amazing Pet" xp="1301300" awardId="19606" />
            <item id="87" name="Happy Camper" xp="1345800" awardId="19607" />
            <item id="88" name="Hot Stuff" xp="1390700" awardId="19608" />
            <item id="89" name="Sophisticated Pet" xp="1436000" awardId="19609" />
            <item id="90" name="Lovable Softie" xp="1481800" awardId="19610" />
            <item id="91" name="Ritzy Pet" xp="1528000" awardId="19611" />
            <item id="92" name="Class Act" xp="1574800" awardId="19612" />
            <item id="93" name="Sweet Petkins" xp="1621900" awardId="19613" />
            <item id="94" name="Smart Cookie" xp="1669600" awardId="19614" />
            <item id="95" name="Uptown Shopper" xp="1717700" awardId="19615" />
            <item id="96" name="Life of the Party" xp="1766300" awardId="19616" />
            <item id="97" name="Cat Nipper" xp="1815400" awardId="19617" />
            <item id="98" name="Cuddly Critter" xp="1865000" awardId="19618" />
            <item id="99" name="Upwardly Mobile" xp="1915100" awardId="19619" />
            <item id="100" name="Awesome Pawsome" xp="1965700" awardId="19620" />
            <item id="101" name="Wonder Pet" xp="2017300" awardId="19621" />
            <item id="102" name="Cuddly Wuddly" xp="2069900" awardId="19622" />
            <item id="103" name="Heartbreaker" xp="2123600" awardId="19623" />
            <item id="104" name="Sugar Lamb" xp="2178300" awardId="19624" />
            <item id="105" name="Baby Face" xp="2234236" awardId="19625" />
            <item id="106" name="Celebrity Pet" xp="2291202" awardId="19626" />
            <item id="107" name="Sweet Tooth" xp="2349307" awardId="19627" />
            <item id="108" name="Purebred Pet" xp="2408574" awardId="19628" />
            <item id="109" name="Award Winner" xp="2469027" awardId="19629" />
            <item id="110" name="Purr-fect Pet" xp="2530688" awardId="19630" />
            <item id="111" name="Cute As a Button" xp="2593583" awardId="19631" />
            <item id="112" name="Cutesie Wootsie" xp="2657736" awardId="19632" />
            <item id="113" name="Diamond Shine" xp="2723172" awardId="19633" />
            <item id="114" name="Bee's Knees" xp="2789916" awardId="19634" />
            <item id="115" name="Lovey Dovey" xp="2857996" awardId="19635" />
            <item id="116" name="Precious Pet" xp="2927437" awardId="19636" />
            <item id="117" name="Regal Pet" xp="2998266" awardId="19637" />
            <item id="118" name="Angel of Love" xp="3070513" awardId="19638" />
            <item id="119" name="Cuddly Wuddly" xp="3144204" awardId="19639" />
            <item id="120" name="Noble Pet" xp="3219369" awardId="19640" />
            <item id="121" name="Sugar Plum" xp="3296038" awardId="19641" />
            <item id="122" name="Firepuff" xp="3374240" awardId="19642" />
            <item id="123" name="Pooh Pet" xp="3454005" awardId="19643" />
            <item id="124" name="One and Only Pet" xp="3536164" awardId="19644" />
            <item id="125" name="Fluffer-Nutter" xp="3619966" awardId="19645" />
            <item id="126" name="Apple of Mom's Eye" xp="3705444" awardId="19646" />
            <item id="127" name="Sweet Pumpkin" xp="3792632" awardId="19647" />
            <item id="128" name="Splendiferous Pet" xp="3881563" awardId="19648" />
            <item id="129" name="Pampered Paw" xp="3972273" awardId="19649" />
            <item id="130" name="Cuddle Bug" xp="4064798" awardId="19650" />
            <item id="131" name="Sweet Cheeks" xp="4159172" awardId="19651" />
            <item id="132" name="Award Winner" xp="4255435" awardId="19652" />
            <item id="133" name="Wanderluster" xp="4353622" awardId="19653" />
            <item id="134" name="Twinkle Toes " xp="4453773" awardId="19654" />
            <item id="135" name="Pet City Star" xp="4555927" awardId="19655" />
            <item id="136" name="Sugar Plum" xp="4660125" awardId="19656" />
            <item id="137" name="Baby Cakes" xp="4766406" awardId="19657" />
            <item id="138" name="Splendiferous Pet" xp="4874813" awardId="19658" />
            <item id="139" name="Honey Bunch" xp="4985388" awardId="19659" />
            <item id="140" name="Fashion Icon " xp="5098174" awardId="19660" />
            <item id="141" name="Cutie Pie" xp="5213216" awardId="19661" />
            <item id="142" name="Pet Charming" xp="5330559" awardId="19662" />
            <item id="143" name="Little Genius" xp="5450249" awardId="19663" />
            <item id="144" name="Apple of My Eye" xp="5572333" awardId="19664" />
            <item id="145" name="Cuddle Bunny" xp="5696859" awardId="19665" />
            <item id="146" name="Ninja Pet" xp="5823874" awardId="19666" />
            <item id="147" name="Posh Pet" xp="5953431" awardId="19667" />
            <item id="148" name="Pet City Pride" xp="6085578" awardId="19668" />
            <item id="149" name="Platinum Pet" xp="6220368" awardId="19669" />
            <item id="150" name="VIP Pet" xp="6357854" awardId="19670" />
    </levels>
