<?xml version="1.0" encoding="UTF-8"?><neighborActivitiesConfig>
    <addMePool minLevel="1" minAssetsInRoom="15"/>
    <autoVisitConfig>
                    <autoVisit neighborQty="20" cashPrice="1"/>
                    <autoVisit neighborQty="50" cashPrice="2"/>
                    <autoVisit neighborQty="120" cashPrice="3"/>
            </autoVisitConfig>

    <smallAward neighborQty="20" awardId="19807" />

    <neighborActivityLimits neighborsQtyWithTrash="1000" />

    <inviteNeighborBonus awardId="19808"/>

	<smallPetBuddyBonusAwardId neighborQty="20" awardId="19810" />
    <middlePetBuddyBonusAwardId neighborQty="20" awardId="19811" />
    <petBuddyBonusAwardId neighborQty="40" awardId="19812" />

    <activities goodNeighborBonusAwardId="19809" petBuddyBonusAwardId="19812" >
                    <activity id="14" assetId="22328" subtype="1" qtyMin="1" qtyMax="-1" availabilityRangeFrom="0" availabilityRangeTo="0" minNeighbors="0" maxNeighbors="40" topNeighborsPerDay="-1" coeff="0.35" ignoreSmallAward="0" awardId="19813" generationOrderIndex="2" isDefault="1">
                                    <exclusiveActivities>
                                                    <activity id="83"/>
                                            </exclusiveActivities>
                            </activity>
                    <activity id="15" assetId="22331" subtype="1" qtyMin="1" qtyMax="-1" availabilityRangeFrom="0" availabilityRangeTo="0" minNeighbors="0" maxNeighbors="40" topNeighborsPerDay="-1" coeff="0.35" ignoreSmallAward="0" awardId="19814" generationOrderIndex="3" isDefault="0">
                                    <exclusiveActivities>
                                                    <activity id="83"/>
                                                    <activity id="14"/>
                                            </exclusiveActivities>
                            </activity>
                    <activity id="26" assetId="22332" subtype="1" qtyMin="1" qtyMax="-1" availabilityRangeFrom="0" availabilityRangeTo="0" minNeighbors="0" maxNeighbors="40" topNeighborsPerDay="-1" coeff="0.35" ignoreSmallAward="0" awardId="19815" generationOrderIndex="4" isDefault="0">
                                    <exclusiveActivities>
                                                    <activity id="83"/>
                                                    <activity id="14"/>
                                                    <activity id="15"/>
                                            </exclusiveActivities>
                            </activity>
                    <activity id="27" assetId="22333" subtype="1" qtyMin="1" qtyMax="-1" availabilityRangeFrom="0" availabilityRangeTo="0" minNeighbors="0" maxNeighbors="40" topNeighborsPerDay="-1" coeff="0.35" ignoreSmallAward="0" awardId="19816" generationOrderIndex="5" isDefault="0">
                                    <exclusiveActivities>
                                                    <activity id="83"/>
                                            </exclusiveActivities>
                            </activity>
                    <activity id="28" assetId="44736" subtype="1" qtyMin="1" qtyMax="-1" availabilityRangeFrom="0" availabilityRangeTo="0" minNeighbors="0" maxNeighbors="40" topNeighborsPerDay="-1" coeff="0.35" ignoreSmallAward="0" awardId="19817" generationOrderIndex="6" isDefault="1">
                                    <exclusiveActivities>
                                                    <activity id="27"/>
                                            </exclusiveActivities>
                            </activity>
                    <activity id="29" assetId="22303" subtype="1" qtyMin="1" qtyMax="-1" availabilityRangeFrom="0" availabilityRangeTo="0" minNeighbors="0" maxNeighbors="40" topNeighborsPerDay="-1" coeff="0.35" ignoreSmallAward="0" awardId="19818" generationOrderIndex="7" isDefault="0">
                                    <exclusiveActivities>
                                                    <activity id="27"/>
                                                    <activity id="28"/>
                                            </exclusiveActivities>
                            </activity>
                    <activity id="30" assetId="22336" subtype="1" qtyMin="1" qtyMax="-1" availabilityRangeFrom="0" availabilityRangeTo="0" minNeighbors="0" maxNeighbors="40" topNeighborsPerDay="-1" coeff="0.35" ignoreSmallAward="0" awardId="19819" generationOrderIndex="8" isDefault="0">
                                    <exclusiveActivities>
                                                    <activity id="83"/>
                                            </exclusiveActivities>
                            </activity>
                    <activity id="31" assetId="44735" subtype="1" qtyMin="1" qtyMax="-1" availabilityRangeFrom="0" availabilityRangeTo="0" minNeighbors="0" maxNeighbors="40" topNeighborsPerDay="-1" coeff="0.35" ignoreSmallAward="0" awardId="19820" generationOrderIndex="9" isDefault="0">
                                    <exclusiveActivities>
                                                    <activity id="30"/>
                                            </exclusiveActivities>
                            </activity>
                    <activity id="32" assetId="44641" subtype="1" qtyMin="1" qtyMax="-1" availabilityRangeFrom="0" availabilityRangeTo="0" minNeighbors="0" maxNeighbors="40" topNeighborsPerDay="-1" coeff="0.35" ignoreSmallAward="0" awardId="19821" generationOrderIndex="10" isDefault="0">
                                    <exclusiveActivities>
                                                    <activity id="30"/>
                                                    <activity id="31"/>
                                            </exclusiveActivities>
                            </activity>
                    <activity id="33" assetId="22339" subtype="1" qtyMin="1" qtyMax="-1" availabilityRangeFrom="0" availabilityRangeTo="0" minNeighbors="0" maxNeighbors="40" topNeighborsPerDay="-1" coeff="0.35" ignoreSmallAward="0" awardId="19822" generationOrderIndex="11" isDefault="0">
                                    <exclusiveActivities>
                                                    <activity id="83"/>
                                            </exclusiveActivities>
                            </activity>
                    <activity id="34" assetId="22342" subtype="1" qtyMin="1" qtyMax="-1" availabilityRangeFrom="0" availabilityRangeTo="0" minNeighbors="0" maxNeighbors="40" topNeighborsPerDay="-1" coeff="0.35" ignoreSmallAward="0" awardId="19823" generationOrderIndex="12" isDefault="1">
                                    <exclusiveActivities>
                                                    <activity id="33"/>
                                            </exclusiveActivities>
                            </activity>
                    <activity id="35" assetId="22343" subtype="1" qtyMin="1" qtyMax="-1" availabilityRangeFrom="0" availabilityRangeTo="0" minNeighbors="0" maxNeighbors="40" topNeighborsPerDay="-1" coeff="0.35" ignoreSmallAward="0" awardId="19824" generationOrderIndex="13" isDefault="0">
                                    <exclusiveActivities>
                                                    <activity id="33"/>
                                                    <activity id="34"/>
                                            </exclusiveActivities>
                            </activity>
                    <activity id="36" assetId="44733" subtype="1" qtyMin="1" qtyMax="-1" availabilityRangeFrom="0" availabilityRangeTo="0" minNeighbors="0" maxNeighbors="40" topNeighborsPerDay="-1" coeff="0.35" ignoreSmallAward="0" awardId="19825" generationOrderIndex="14" isDefault="1">
                                    <exclusiveActivities>
                                                    <activity id="83"/>
                                            </exclusiveActivities>
                            </activity>
                    <activity id="37" assetId="44643" subtype="1" qtyMin="1" qtyMax="-1" availabilityRangeFrom="0" availabilityRangeTo="0" minNeighbors="0" maxNeighbors="40" topNeighborsPerDay="-1" coeff="0.35" ignoreSmallAward="0" awardId="19826" generationOrderIndex="15" isDefault="0">
                                    <exclusiveActivities>
                                                    <activity id="36"/>
                                            </exclusiveActivities>
                            </activity>
                    <activity id="38" assetId="22346" subtype="1" qtyMin="1" qtyMax="-1" availabilityRangeFrom="0" availabilityRangeTo="0" minNeighbors="0" maxNeighbors="40" topNeighborsPerDay="-1" coeff="0.35" ignoreSmallAward="0" awardId="19827" generationOrderIndex="16" isDefault="0">
                                    <exclusiveActivities>
                                                    <activity id="36"/>
                                                    <activity id="37"/>
                                            </exclusiveActivities>
                            </activity>
                    <activity id="39" assetId="22348" subtype="1" qtyMin="1" qtyMax="-1" availabilityRangeFrom="0" availabilityRangeTo="0" minNeighbors="0" maxNeighbors="40" topNeighborsPerDay="-1" coeff="0.35" ignoreSmallAward="0" awardId="19828" generationOrderIndex="17" isDefault="0">
                                    <exclusiveActivities>
                                                    <activity id="83"/>
                                            </exclusiveActivities>
                            </activity>
                    <activity id="40" assetId="44734" subtype="1" qtyMin="1" qtyMax="-1" availabilityRangeFrom="0" availabilityRangeTo="0" minNeighbors="0" maxNeighbors="40" topNeighborsPerDay="-1" coeff="0.35" ignoreSmallAward="0" awardId="19829" generationOrderIndex="18" isDefault="1">
                                    <exclusiveActivities>
                                                    <activity id="39"/>
                                            </exclusiveActivities>
                            </activity>
                    <activity id="41" assetId="22350" subtype="1" qtyMin="1" qtyMax="-1" availabilityRangeFrom="0" availabilityRangeTo="0" minNeighbors="0" maxNeighbors="40" topNeighborsPerDay="-1" coeff="0.35" ignoreSmallAward="0" awardId="19830" generationOrderIndex="19" isDefault="0">
                                    <exclusiveActivities>
                                                    <activity id="39"/>
                                                    <activity id="40"/>
                                            </exclusiveActivities>
                            </activity>
                    <activity id="83" assetId="22328" subtype="1" qtyMin="1" qtyMax="1" availabilityRangeFrom="0" availabilityRangeTo="0" minNeighbors="1" maxNeighbors="1" topNeighborsPerDay="-1" coeff="1" ignoreSmallAward="0" awardId="19831" generationOrderIndex="1" isDefault="1">
                                    <exclusiveActivities />
                            </activity>
                    <activity id="84" assetId="42286" subtype="1" qtyMin="2" qtyMax="5" availabilityRangeFrom="0" availabilityRangeTo="0" minNeighbors="0" maxNeighbors="20" topNeighborsPerDay="20" coeff="0.25" ignoreSmallAward="0" awardId="19832" generationOrderIndex="20" isDefault="0">
                                    <exclusiveActivities>
                                                    <activity id="83"/>
                                            </exclusiveActivities>
                            </activity>
                    <activity id="85" assetId="42221" subtype="1" qtyMin="1" qtyMax="1" availabilityRangeFrom="0" availabilityRangeTo="0" minNeighbors="0" maxNeighbors="10" topNeighborsPerDay="10" coeff="1" ignoreSmallAward="0" awardId="19833" generationOrderIndex="21" isDefault="0">
                                    <exclusiveActivities>
                                                    <activity id="83"/>
                                                    <activity id="84"/>
                                            </exclusiveActivities>
                            </activity>
                    <activity id="87" assetId="48530" subtype="1" qtyMin="2" qtyMax="-1" availabilityRangeFrom="0" availabilityRangeTo="0" minNeighbors="41" maxNeighbors="-1" topNeighborsPerDay="0" coeff="2" ignoreSmallAward="0" awardId="" generationOrderIndex="22" isDefault="0">
                                    <exclusiveActivities />
                            </activity>
        	</activities>

    <neighborToys>
                    <neighborToy id="5" name="Swords" type="2" iconAssetId="21848" pressedIconAssetId="33355" revealLevel="1" leftPetAnimationAssetId="22114" middlePetAnimationAssetId="0" rightPetAnimationAssetId="22115" petDistance="250" awardId="19834" />
                    <neighborToy id="16" name="Pogo Sticks" type="2" iconAssetId="21736" pressedIconAssetId="33354" revealLevel="1" leftPetAnimationAssetId="22118" middlePetAnimationAssetId="0" rightPetAnimationAssetId="22119" petDistance="410" awardId="19835" />
                    <neighborToy id="18" name="Pillows" type="2" iconAssetId="21762" pressedIconAssetId="33356" revealLevel="1" leftPetAnimationAssetId="22120" middlePetAnimationAssetId="0" rightPetAnimationAssetId="22121" petDistance="250" awardId="19836" />
                    <neighborToy id="20" name="Stilts" type="2" iconAssetId="21763" pressedIconAssetId="33358" revealLevel="1" leftPetAnimationAssetId="22116" middlePetAnimationAssetId="0" rightPetAnimationAssetId="22117" petDistance="390" awardId="19837" />
                    <neighborToy id="21" name="Skateboards" type="2" iconAssetId="21764" pressedIconAssetId="33357" revealLevel="1" leftPetAnimationAssetId="22108" middlePetAnimationAssetId="0" rightPetAnimationAssetId="22110" petDistance="410" awardId="19838" />
                    <neighborToy id="22" name="Baseball and Mitt" type="2" iconAssetId="21765" pressedIconAssetId="33359" revealLevel="1" leftPetAnimationAssetId="22109" middlePetAnimationAssetId="0" rightPetAnimationAssetId="22111" petDistance="420" awardId="19839" />
                    <neighborToy id="23" name="Water Guns" type="2" iconAssetId="21767" pressedIconAssetId="33360" revealLevel="1" leftPetAnimationAssetId="22309" middlePetAnimationAssetId="0" rightPetAnimationAssetId="22310" petDistance="490" awardId="19840" />
                    <neighborToy id="24" name="Skipping Rope" type="2" iconAssetId="22290" pressedIconAssetId="33361" revealLevel="1" leftPetAnimationAssetId="22112" middlePetAnimationAssetId="0" rightPetAnimationAssetId="22113" petDistance="450" awardId="19841" />
                    <neighborToy id="25" name="Ball" type="2" iconAssetId="21768" pressedIconAssetId="33362" revealLevel="1" leftPetAnimationAssetId="22161" middlePetAnimationAssetId="0" rightPetAnimationAssetId="22160" petDistance="290" awardId="19842" />
                    <neighborToy id="47" name="Kiss" type="4" iconAssetId="33657" pressedIconAssetId="33658" revealLevel="1" leftPetAnimationAssetId="22035" middlePetAnimationAssetId="0" rightPetAnimationAssetId="22036" petDistance="250" awardId="19843" />
                    <neighborToy id="48" name="Hi Five " type="4" iconAssetId="33655" pressedIconAssetId="33656" revealLevel="1" leftPetAnimationAssetId="22037" middlePetAnimationAssetId="0" rightPetAnimationAssetId="22038" petDistance="250" awardId="19844" />
                    <neighborToy id="49" name="Tickle" type="4" iconAssetId="33667" pressedIconAssetId="33668" revealLevel="1" leftPetAnimationAssetId="22039" middlePetAnimationAssetId="0" rightPetAnimationAssetId="22040" petDistance="220" awardId="19845" />
                    <neighborToy id="51" name="Poke" type="4" iconAssetId="33661" pressedIconAssetId="33662" revealLevel="1" leftPetAnimationAssetId="22041" middlePetAnimationAssetId="0" rightPetAnimationAssetId="22042" petDistance="250" awardId="19846" />
                    <neighborToy id="52" name="Juicer" type="1" iconAssetId="33659" pressedIconAssetId="33660" revealLevel="1" leftPetAnimationAssetId="22060" middlePetAnimationAssetId="22011" rightPetAnimationAssetId="22061" petDistance="300" awardId="19847" />
                    <neighborToy id="53" name="Sandwich" type="1" iconAssetId="33663" pressedIconAssetId="33664" revealLevel="1" leftPetAnimationAssetId="22024" middlePetAnimationAssetId="22149" rightPetAnimationAssetId="22090" petDistance="300" awardId="19848" />
                    <neighborToy id="55" name="Headphones" type="2" iconAssetId="33676" pressedIconAssetId="33677" revealLevel="1" leftPetAnimationAssetId="22033" middlePetAnimationAssetId="22380" rightPetAnimationAssetId="22034" petDistance="405" awardId="19849" />
                    <neighborToy id="56" name="Microphones" type="2" iconAssetId="33680" pressedIconAssetId="33681" revealLevel="1" leftPetAnimationAssetId="22013" middlePetAnimationAssetId="22381" rightPetAnimationAssetId="22014" petDistance="405" awardId="19850" />
                    <neighborToy id="58" name="Star Sugar Cookie" type="3" iconAssetId="34183" pressedIconAssetId="34184" revealLevel="1" leftPetAnimationAssetId="34163" middlePetAnimationAssetId="34295" rightPetAnimationAssetId="34163" petDistance="405" awardId="19851" />
                    <neighborToy id="59" name="Heart Sugar Cookie" type="3" iconAssetId="34175" pressedIconAssetId="34176" revealLevel="1" leftPetAnimationAssetId="34164" middlePetAnimationAssetId="34296" rightPetAnimationAssetId="34164" petDistance="405" awardId="19852" />
                    <neighborToy id="63" name="Shortbread Cookie" type="3" iconAssetId="34271" pressedIconAssetId="34272" revealLevel="1" leftPetAnimationAssetId="34249" middlePetAnimationAssetId="34288" rightPetAnimationAssetId="34249" petDistance="405" awardId="19853" />
                    <neighborToy id="64" name="Chocolate Chip Cookie" type="3" iconAssetId="34273" pressedIconAssetId="34274" revealLevel="1" leftPetAnimationAssetId="34247" middlePetAnimationAssetId="34292" rightPetAnimationAssetId="34247" petDistance="405" awardId="19854" />
                    <neighborToy id="65" name="Peanut Butter Cookie" type="3" iconAssetId="34269" pressedIconAssetId="34270" revealLevel="1" leftPetAnimationAssetId="34248" middlePetAnimationAssetId="34293" rightPetAnimationAssetId="34248" petDistance="405" awardId="19855" />
                    <neighborToy id="66" name="Milkshake " type="1" iconAssetId="39567" pressedIconAssetId="39568" revealLevel="1" leftPetAnimationAssetId="39559" middlePetAnimationAssetId="39561" rightPetAnimationAssetId="39560" petDistance="300" awardId="19856" />
                    <neighborToy id="67" name="Pizza" type="1" iconAssetId="39621" pressedIconAssetId="39622" revealLevel="1" leftPetAnimationAssetId="39820" middlePetAnimationAssetId="39821" rightPetAnimationAssetId="39820" petDistance="300" awardId="19857" />
                    <neighborToy id="68" name="Give me 5" type="4" iconAssetId="40006" pressedIconAssetId="40007" revealLevel="1" leftPetAnimationAssetId="39817" middlePetAnimationAssetId="0" rightPetAnimationAssetId="39815" petDistance="170" awardId="19858" />
                    <neighborToy id="69" name="Apple snack" type="3" iconAssetId="39619" pressedIconAssetId="39618" revealLevel="1" leftPetAnimationAssetId="39777" middlePetAnimationAssetId="40536" rightPetAnimationAssetId="39777" petDistance="405" awardId="19859" />
                    <neighborToy id="70" name="Pretzel Snack" type="3" iconAssetId="39619" pressedIconAssetId="39618" revealLevel="1" leftPetAnimationAssetId="39853" middlePetAnimationAssetId="39854" rightPetAnimationAssetId="39853" petDistance="400" awardId="19860" />
                    <neighborToy id="71" name="Bun Snack" type="3" iconAssetId="39619" pressedIconAssetId="39618" revealLevel="1" leftPetAnimationAssetId="39784" middlePetAnimationAssetId="39785" rightPetAnimationAssetId="39784" petDistance="405" awardId="19861" />
                    <neighborToy id="72" name="Celery Sticks Snack " type="3" iconAssetId="39619" pressedIconAssetId="39618" revealLevel="1" leftPetAnimationAssetId="40037" middlePetAnimationAssetId="40038" rightPetAnimationAssetId="40037" petDistance="405" awardId="19862" />
                    <neighborToy id="73" name="Green Apple Snack" type="3" iconAssetId="39619" pressedIconAssetId="39618" revealLevel="1" leftPetAnimationAssetId="40034" middlePetAnimationAssetId="40036" rightPetAnimationAssetId="40035" petDistance="405" awardId="19863" />
                    <neighborToy id="74" name="Pear Snack " type="3" iconAssetId="39619" pressedIconAssetId="39618" revealLevel="1" leftPetAnimationAssetId="40043" middlePetAnimationAssetId="40044" rightPetAnimationAssetId="40042" petDistance="405" awardId="19864" />
                    <neighborToy id="75" name="Orange Slice Snack" type="3" iconAssetId="39619" pressedIconAssetId="39618" revealLevel="1" leftPetAnimationAssetId="40049" middlePetAnimationAssetId="40050" rightPetAnimationAssetId="40048" petDistance="405" awardId="19865" />
                    <neighborToy id="76" name="Grape Snack" type="3" iconAssetId="39619" pressedIconAssetId="39618" revealLevel="1" leftPetAnimationAssetId="40040" middlePetAnimationAssetId="40041" rightPetAnimationAssetId="40039" petDistance="405" awardId="19866" />
                    <neighborToy id="77" name="Strawberry Snack" type="3" iconAssetId="39619" pressedIconAssetId="39618" revealLevel="1" leftPetAnimationAssetId="40046" middlePetAnimationAssetId="40047" rightPetAnimationAssetId="40045" petDistance="405" awardId="19867" />
                    <neighborToy id="78" name="Curtsey" type="4" iconAssetId="40008" pressedIconAssetId="40009" revealLevel="1" leftPetAnimationAssetId="39858" middlePetAnimationAssetId="0" rightPetAnimationAssetId="39859" petDistance="250" awardId="19868" />
                    <neighborToy id="79" name="Dance " type="4" iconAssetId="40002" pressedIconAssetId="40003" revealLevel="1" leftPetAnimationAssetId="39864" middlePetAnimationAssetId="0" rightPetAnimationAssetId="39865" petDistance="250" awardId="19869" />
                    <neighborToy id="80" name="Hands" type="4" iconAssetId="40004" pressedIconAssetId="40005" revealLevel="1" leftPetAnimationAssetId="39868" middlePetAnimationAssetId="0" rightPetAnimationAssetId="39861" petDistance="200" awardId="19870" />
                    <neighborToy id="81" name="Scare" type="4" iconAssetId="40008" pressedIconAssetId="40009" revealLevel="1" leftPetAnimationAssetId="40610" middlePetAnimationAssetId="0" rightPetAnimationAssetId="40611" petDistance="200" awardId="" />
                    <neighborToy id="82" name="Scissor Paper" type="4" iconAssetId="40008" pressedIconAssetId="40009" revealLevel="1" leftPetAnimationAssetId="40608" middlePetAnimationAssetId="0" rightPetAnimationAssetId="40609" petDistance="200" awardId="" />
                    <neighborToy id="86" name="Milk and Cookie " type="1" iconAssetId="39619" pressedIconAssetId="39618" revealLevel="1" leftPetAnimationAssetId="44421" middlePetAnimationAssetId="44412" rightPetAnimationAssetId="44422" petDistance="300" awardId="19871" />
            </neighborToys>

    <neighborToysSchedule>
                    <scheduleItem date="1435734000" iconAssetId="33331" pressedIconAssetId="33332" toysPack="47,48,49,52,71,73,75,22,23" qty="9" />
                    <scheduleItem date="1435820400" iconAssetId="33331" pressedIconAssetId="33332" toysPack="51,68,78,53,70,73,72,24,25" qty="9" />
                    <scheduleItem date="1435906800" iconAssetId="33331" pressedIconAssetId="33332" toysPack="47,80,79,66,69,71,70,5,16" qty="9" />
                    <scheduleItem date="1435993200" iconAssetId="33331" pressedIconAssetId="33332" toysPack="48,49,51,67,73,72,76,18,20" qty="9" />
                    <scheduleItem date="1436079600" iconAssetId="33331" pressedIconAssetId="33332" toysPack="68,78,80,52,71,77,75,21,22" qty="9" />
                    <scheduleItem date="1436166000" iconAssetId="33331" pressedIconAssetId="33332" toysPack="47,48,79,67,69,70,72,23,24" qty="9" />
                    <scheduleItem date="1436252400" iconAssetId="33331" pressedIconAssetId="33332" toysPack="49,51,68,53,73,76,74,5,25" qty="9" />
                    <scheduleItem date="1436338800" iconAssetId="33331" pressedIconAssetId="33332" toysPack="78,80,79,66,71,77,75,16,18" qty="9" />
                    <scheduleItem date="1436425200" iconAssetId="33331" pressedIconAssetId="33332" toysPack="47,48,49,52,69,76,77,20,21" qty="9" />
                    <scheduleItem date="1436511600" iconAssetId="33331" pressedIconAssetId="33332" toysPack="51,68,78,53,71,73,75,22,23" qty="9" />
                    <scheduleItem date="1436598000" iconAssetId="33331" pressedIconAssetId="33332" toysPack="47,80,79,66,70,73,72,24,25" qty="9" />
                    <scheduleItem date="1436684400" iconAssetId="33331" pressedIconAssetId="33332" toysPack="48,49,51,67,69,71,70,5,16" qty="9" />
                    <scheduleItem date="1436770800" iconAssetId="33331" pressedIconAssetId="33332" toysPack="68,78,80,52,73,72,76,18,20" qty="9" />
                    <scheduleItem date="1436857200" iconAssetId="33331" pressedIconAssetId="33332" toysPack="47,48,79,67,71,77,75,21,22" qty="9" />
                    <scheduleItem date="1436943600" iconAssetId="33331" pressedIconAssetId="33332" toysPack="49,51,68,53,69,70,72,23,24" qty="9" />
                    <scheduleItem date="1437030000" iconAssetId="33331" pressedIconAssetId="33332" toysPack="78,80,79,66,73,76,74,5,25" qty="9" />
                    <scheduleItem date="1437116400" iconAssetId="33331" pressedIconAssetId="33332" toysPack="47,48,49,52,71,77,75,16,18" qty="9" />
                    <scheduleItem date="1437202800" iconAssetId="33331" pressedIconAssetId="33332" toysPack="51,68,78,53,69,76,77,20,21" qty="9" />
                    <scheduleItem date="1437289200" iconAssetId="33331" pressedIconAssetId="33332" toysPack="47,80,79,66,71,73,75,22,23" qty="9" />
                    <scheduleItem date="1437375600" iconAssetId="33331" pressedIconAssetId="33332" toysPack="48,49,51,67,70,73,72,24,25" qty="9" />
                    <scheduleItem date="1437462000" iconAssetId="33331" pressedIconAssetId="33332" toysPack="68,78,80,52,69,71,70,5,16" qty="9" />
                    <scheduleItem date="1437548400" iconAssetId="33331" pressedIconAssetId="33332" toysPack="47,48,79,67,73,72,76,18,20" qty="9" />
                    <scheduleItem date="1437634800" iconAssetId="33331" pressedIconAssetId="33332" toysPack="49,51,68,53,71,77,75,21,22" qty="9" />
                    <scheduleItem date="1437721200" iconAssetId="33331" pressedIconAssetId="33332" toysPack="78,80,79,66,69,70,72,23,24" qty="9" />
                    <scheduleItem date="1437807600" iconAssetId="33331" pressedIconAssetId="33332" toysPack="47,48,49,52,73,76,74,5,25" qty="9" />
                    <scheduleItem date="1437894000" iconAssetId="33331" pressedIconAssetId="33332" toysPack="51,68,78,53,71,77,75,16,18" qty="9" />
                    <scheduleItem date="1437980400" iconAssetId="33331" pressedIconAssetId="33332" toysPack="47,80,79,66,69,76,77,20,21" qty="9" />
                    <scheduleItem date="1438066800" iconAssetId="33331" pressedIconAssetId="33332" toysPack="48,49,51,67,71,73,75,22,23" qty="9" />
                    <scheduleItem date="1438153200" iconAssetId="33331" pressedIconAssetId="33332" toysPack="68,78,80,52,70,73,72,24,25" qty="9" />
                    <scheduleItem date="1438239600" iconAssetId="33331" pressedIconAssetId="33332" toysPack="47,48,79,67,69,71,70,5,16" qty="9" />
                    <scheduleItem date="1438326000" iconAssetId="33331" pressedIconAssetId="33332" toysPack="49,51,68,53,73,72,76,18,20" qty="9" />
                    <scheduleItem date="1438412400" iconAssetId="33331" pressedIconAssetId="33332" toysPack="78,80,79,66,71,77,75,21,22" qty="9" />
                    <scheduleItem date="1438498800" iconAssetId="33331" pressedIconAssetId="33332" toysPack="47,48,49,52,69,70,72,23,24" qty="9" />
                    <scheduleItem date="1438585200" iconAssetId="33331" pressedIconAssetId="33332" toysPack="51,68,78,53,73,76,74,5,25" qty="9" />
                    <scheduleItem date="1438671600" iconAssetId="33331" pressedIconAssetId="33332" toysPack="47,80,79,66,71,77,75,16,18" qty="9" />
                    <scheduleItem date="1438758000" iconAssetId="33331" pressedIconAssetId="33332" toysPack="48,49,51,67,69,76,77,20,21" qty="9" />
                    <scheduleItem date="1438844400" iconAssetId="33331" pressedIconAssetId="33332" toysPack="66,78,80,52,71,73,75,22,23" qty="9" />
                    <scheduleItem date="1438930800" iconAssetId="33331" pressedIconAssetId="33332" toysPack="47,48,79,67,70,73,72,24,25" qty="9" />
                    <scheduleItem date="1439017200" iconAssetId="33331" pressedIconAssetId="33332" toysPack="49,51,68,53,69,71,70,5,16" qty="9" />
                    <scheduleItem date="1439103600" iconAssetId="33331" pressedIconAssetId="33332" toysPack="78,80,79,66,73,72,76,18,20" qty="9" />
                    <scheduleItem date="1439190000" iconAssetId="33331" pressedIconAssetId="33332" toysPack="47,48,49,52,71,77,75,21,22" qty="9" />
                    <scheduleItem date="1439276400" iconAssetId="33331" pressedIconAssetId="33332" toysPack="51,68,78,53,69,70,72,23,24" qty="9" />
                    <scheduleItem date="1439362800" iconAssetId="33331" pressedIconAssetId="33332" toysPack="47,80,79,66,73,76,74,5,25" qty="9" />
                    <scheduleItem date="1439449200" iconAssetId="33331" pressedIconAssetId="33332" toysPack="48,49,51,67,71,77,75,16,18" qty="9" />
                    <scheduleItem date="1439535600" iconAssetId="33331" pressedIconAssetId="33332" toysPack="68,78,80,52,69,76,77,20,21" qty="9" />
                    <scheduleItem date="1439622000" iconAssetId="33331" pressedIconAssetId="33332" toysPack="47,48,79,67,71,73,75,22,23" qty="9" />
                    <scheduleItem date="1439708400" iconAssetId="33331" pressedIconAssetId="33332" toysPack="49,51,68,53,70,73,72,24,25" qty="9" />
                    <scheduleItem date="1439794800" iconAssetId="33331" pressedIconAssetId="33332" toysPack="78,80,79,66,69,71,70,5,16" qty="9" />
                    <scheduleItem date="1439881200" iconAssetId="33331" pressedIconAssetId="33332" toysPack="47,48,49,52,73,72,76,18,20" qty="9" />
                    <scheduleItem date="1439967600" iconAssetId="33331" pressedIconAssetId="33332" toysPack="51,68,78,53,71,77,75,21,22" qty="9" />
                    <scheduleItem date="1440054000" iconAssetId="33331" pressedIconAssetId="33332" toysPack="47,80,79,66,69,70,72,23,24" qty="9" />
                    <scheduleItem date="1440140400" iconAssetId="33331" pressedIconAssetId="33332" toysPack="48,49,51,67,73,76,74,5,25" qty="9" />
                    <scheduleItem date="1440226800" iconAssetId="33331" pressedIconAssetId="33332" toysPack="68,78,80,52,71,77,75,16,18" qty="9" />
                    <scheduleItem date="1440313200" iconAssetId="33331" pressedIconAssetId="33332" toysPack="47,48,79,67,69,76,77,20,21" qty="9" />
                    <scheduleItem date="1440399600" iconAssetId="33331" pressedIconAssetId="33332" toysPack="49,51,68,53,71,73,75,22,23" qty="9" />
                    <scheduleItem date="1440486000" iconAssetId="33331" pressedIconAssetId="33332" toysPack="78,80,79,66,70,73,72,24,25" qty="9" />
                    <scheduleItem date="1440572400" iconAssetId="33331" pressedIconAssetId="33332" toysPack="47,48,49,52,69,71,70,5,16" qty="9" />
                    <scheduleItem date="1440658800" iconAssetId="33331" pressedIconAssetId="33332" toysPack="51,68,78,53,73,72,76,18,20" qty="9" />
                    <scheduleItem date="1440745200" iconAssetId="33331" pressedIconAssetId="33332" toysPack="47,80,79,66,71,77,75,21,22" qty="9" />
                    <scheduleItem date="1440831600" iconAssetId="33331" pressedIconAssetId="33332" toysPack="48,49,51,67,69,70,72,23,24" qty="9" />
                    <scheduleItem date="1440918000" iconAssetId="33331" pressedIconAssetId="33332" toysPack="68,78,80,52,73,76,74,5,25" qty="9" />
                    <scheduleItem date="1441004400" iconAssetId="33331" pressedIconAssetId="33332" toysPack="47,48,79,67,71,77,75,16,18" qty="9" />
                    <scheduleItem date="1441090800" iconAssetId="33331" pressedIconAssetId="33332" toysPack="49,51,68,53,69,76,77,20,21" qty="9" />
                    <scheduleItem date="1441177200" iconAssetId="33331" pressedIconAssetId="33332" toysPack="78,80,79,66,71,73,75,22,23" qty="9" />
                    <scheduleItem date="1441263600" iconAssetId="33331" pressedIconAssetId="33332" toysPack="47,48,49,52,70,73,72,24,25" qty="9" />
                    <scheduleItem date="1441350000" iconAssetId="33331" pressedIconAssetId="33332" toysPack="51,68,78,53,69,71,70,5,16" qty="9" />
                    <scheduleItem date="1441436400" iconAssetId="33331" pressedIconAssetId="33332" toysPack="47,80,79,66,73,72,76,18,20" qty="9" />
                    <scheduleItem date="1441522800" iconAssetId="33331" pressedIconAssetId="33332" toysPack="48,49,51,67,71,77,75,21,22" qty="9" />
                    <scheduleItem date="1441609200" iconAssetId="33331" pressedIconAssetId="33332" toysPack="68,78,80,52,69,70,72,23,24" qty="9" />
                    <scheduleItem date="1441695600" iconAssetId="33331" pressedIconAssetId="33332" toysPack="47,48,79,67,73,76,74,5,25" qty="9" />
                    <scheduleItem date="1441782000" iconAssetId="33331" pressedIconAssetId="33332" toysPack="49,51,68,53,71,77,75,16,18" qty="9" />
                    <scheduleItem date="1441868400" iconAssetId="33331" pressedIconAssetId="33332" toysPack="78,80,79,66,69,76,77,20,21" qty="9" />
                    <scheduleItem date="1441954800" iconAssetId="33331" pressedIconAssetId="33332" toysPack="47,48,49,52,71,73,75,22,23" qty="9" />
                    <scheduleItem date="1442041200" iconAssetId="33331" pressedIconAssetId="33332" toysPack="51,68,78,53,70,73,72,24,25" qty="9" />
                    <scheduleItem date="1442127600" iconAssetId="33331" pressedIconAssetId="33332" toysPack="47,80,79,66,69,71,70,5,16" qty="9" />
                    <scheduleItem date="1442214000" iconAssetId="33331" pressedIconAssetId="33332" toysPack="48,49,51,67,73,72,76,18,20" qty="9" />
                    <scheduleItem date="1442300400" iconAssetId="33331" pressedIconAssetId="33332" toysPack="68,78,80,52,71,77,75,21,22" qty="9" />
                    <scheduleItem date="1442386800" iconAssetId="33331" pressedIconAssetId="33332" toysPack="47,48,79,67,69,70,72,23,24" qty="9" />
                    <scheduleItem date="1442473200" iconAssetId="33331" pressedIconAssetId="33332" toysPack="49,51,68,53,73,76,74,5,25" qty="9" />
                    <scheduleItem date="1442559600" iconAssetId="33331" pressedIconAssetId="33332" toysPack="78,80,79,66,71,77,75,16,18" qty="9" />
                    <scheduleItem date="1442646000" iconAssetId="33331" pressedIconAssetId="33332" toysPack="47,48,49,52,69,76,77,20,21" qty="9" />
                    <scheduleItem date="1442732400" iconAssetId="33331" pressedIconAssetId="33332" toysPack="51,68,78,53,71,73,75,22,23" qty="9" />
                    <scheduleItem date="1442818800" iconAssetId="33331" pressedIconAssetId="33332" toysPack="47,80,79,66,70,73,72,24,25" qty="9" />
                    <scheduleItem date="1442905200" iconAssetId="33331" pressedIconAssetId="33332" toysPack="48,49,51,67,69,71,70,5,16" qty="9" />
                    <scheduleItem date="1442991600" iconAssetId="33331" pressedIconAssetId="33332" toysPack="68,78,80,52,73,72,76,18,20" qty="9" />
                    <scheduleItem date="1443078000" iconAssetId="33331" pressedIconAssetId="33332" toysPack="47,48,79,67,71,77,75,21,22" qty="9" />
                    <scheduleItem date="1443164400" iconAssetId="33331" pressedIconAssetId="33332" toysPack="49,51,68,53,69,70,72,23,24" qty="9" />
                    <scheduleItem date="1443250800" iconAssetId="33331" pressedIconAssetId="33332" toysPack="78,80,79,66,73,76,74,5,25" qty="9" />
                    <scheduleItem date="1443337200" iconAssetId="33331" pressedIconAssetId="33332" toysPack="47,48,49,52,71,77,75,16,18" qty="9" />
                    <scheduleItem date="1443423600" iconAssetId="33331" pressedIconAssetId="33332" toysPack="51,68,78,53,69,76,77,20,21" qty="9" />
                    <scheduleItem date="1443510000" iconAssetId="33331" pressedIconAssetId="33332" toysPack="47,80,79,66,71,73,75,22,23" qty="9" />
                    <scheduleItem date="1443596400" iconAssetId="33331" pressedIconAssetId="33332" toysPack="48,49,51,67,70,73,72,24,25" qty="9" />
                    <scheduleItem date="1443682800" iconAssetId="33331" pressedIconAssetId="33332" toysPack="68,78,80,52,69,71,70,5,16" qty="9" />
                    <scheduleItem date="1443769200" iconAssetId="33331" pressedIconAssetId="33332" toysPack="47,48,79,67,73,72,76,18,20" qty="9" />
            </neighborToysSchedule>

</neighborActivitiesConfig>
