<?xml version="1.0" encoding="UTF-8"?><animations>
                    <animation assetId="21899" actionType="walk" breakable="1" direction="left" speed="80" probabilityWeight="4" />                    <animation assetId="21900" actionType="walk" breakable="1" direction="right" speed="80" probabilityWeight="4" />                    <animation assetId="22046" actionType="walk" breakable="1" direction="left" speed="80" probabilityWeight="1" />                    <animation assetId="22047" actionType="walk" breakable="1" direction="right" speed="80" probabilityWeight="1" />                    <animation assetId="22080" actionType="walk" breakable="1" direction="left" speed="80" probabilityWeight="2" />                    <animation assetId="22081" actionType="walk" breakable="1" direction="right" speed="80" probabilityWeight="2" />                    <animation assetId="21920" actionType="stand" breakable="1" direction="none" speed="0" probabilityWeight="0" />                    <animation assetId="21968" actionType="stand" breakable="1" direction="none" speed="0" probabilityWeight="0" />                    <animation assetId="21921" actionType="stand" breakable="1" direction="none" speed="0" probabilityWeight="10" />                    <animation assetId="21923" actionType="stand" breakable="1" direction="none" speed="0" probabilityWeight="5" />                    <animation assetId="21924" actionType="stand" breakable="1" direction="none" speed="0" probabilityWeight="5" />                    <animation assetId="21925" actionType="stand" breakable="1" direction="none" speed="0" probabilityWeight="10" />                    <animation assetId="21926" actionType="stand" breakable="1" direction="none" speed="0" probabilityWeight="5" />                    <animation assetId="21927" actionType="stand" breakable="1" direction="none" speed="0" probabilityWeight="10" />                    <animation assetId="21928" actionType="stand" breakable="1" direction="none" speed="0" probabilityWeight="4" />                    <animation assetId="21929" actionType="stand" breakable="1" direction="none" speed="0" probabilityWeight="5" />                    <animation assetId="21930" actionType="stand" breakable="1" direction="none" speed="0" probabilityWeight="7" />                    <animation assetId="21931" actionType="stand" breakable="1" direction="none" speed="0" probabilityWeight="7" />                    <animation assetId="21932" actionType="stand" breakable="1" direction="none" speed="0" probabilityWeight="10" />                    <animation assetId="21933" actionType="stand" breakable="1" direction="none" speed="0" probabilityWeight="6" />                    <animation assetId="21935" actionType="stand" breakable="1" direction="none" speed="0" probabilityWeight="10" />                    <animation assetId="21941" actionType="stand" breakable="1" direction="none" speed="0" probabilityWeight="6" />                    <animation assetId="21958" actionType="stand" breakable="1" direction="none" speed="0" probabilityWeight="0" />                    <animation assetId="21939" actionType="stand" breakable="1" direction="none" speed="0" probabilityWeight="7" />                    <animation assetId="21936" actionType="stand" breakable="1" direction="none" speed="0" probabilityWeight="5" />                    <animation assetId="21937" actionType="stand" breakable="1" direction="none" speed="0" probabilityWeight="5" />                    <animation assetId="21948" actionType="stand" breakable="1" direction="none" speed="0" probabilityWeight="5" />                    <animation assetId="22000" actionType="stand" breakable="1" direction="none" speed="0" probabilityWeight="6" />                    <animation assetId="21945" actionType="stand" breakable="1" direction="none" speed="0" probabilityWeight="5" />                    <animation assetId="41043" actionType="stand" breakable="1" direction="none" speed="0" probabilityWeight="0" />                    <animation assetId="41041" actionType="stand" breakable="1" direction="none" speed="0" probabilityWeight="0" />                    <animation assetId="42312" actionType="stand" breakable="1" direction="none" speed="0" probabilityWeight="0" />                    <animation assetId="21912" actionType="sit" breakable="1" direction="none" speed="0" probabilityWeight="0" />                    <animation assetId="21911" actionType="sit" breakable="1" direction="none" speed="0" probabilityWeight="1" />                    <animation assetId="21913" actionType="sit" breakable="1" direction="none" speed="0" probabilityWeight="1" />                    <animation assetId="21914" actionType="sit" breakable="1" direction="none" speed="0" probabilityWeight="1" />                    <animation assetId="21915" actionType="sit" breakable="1" direction="none" speed="0" probabilityWeight="1" />                    <animation assetId="21916" actionType="sit" breakable="1" direction="none" speed="0" probabilityWeight="1" />                    <animation assetId="21917" actionType="sit" breakable="1" direction="none" speed="0" probabilityWeight="1" />                    <animation assetId="21967" actionType="sit" breakable="1" direction="none" speed="0" probabilityWeight="1" />                    <animation assetId="21918" actionType="sit" breakable="1" direction="none" speed="0" probabilityWeight="1" />                    <animation assetId="21919" actionType="sit" breakable="1" direction="none" speed="0" probabilityWeight="1" />                    <animation assetId="22002" actionType="sit" breakable="1" direction="none" speed="0" probabilityWeight="0" />                    <animation assetId="21934" actionType="sit" breakable="1" direction="none" speed="0" probabilityWeight="0" />                    <animation assetId="22003" actionType="sit" breakable="1" direction="none" speed="0" probabilityWeight="0" />                    <animation assetId="21906" actionType="hello" breakable="1" direction="none" speed="0" probabilityWeight="0" />                    <animation assetId="21908" actionType="hello" breakable="1" direction="none" speed="0" probabilityWeight="2" />                    <animation assetId="21909" actionType="hello" breakable="1" direction="none" speed="0" probabilityWeight="3" />                    <animation assetId="21910" actionType="hello" breakable="1" direction="none" speed="0" probabilityWeight="1" />                    <animation assetId="21940" actionType="hello" breakable="1" direction="none" speed="0" probabilityWeight="1" />                    <animation assetId="21955" actionType="respond" breakable="1" direction="none" speed="0" probabilityWeight="0" />                    <animation assetId="21956" actionType="respond" breakable="1" direction="none" speed="0" probabilityWeight="0" />                    <animation assetId="21957" actionType="respond" breakable="1" direction="none" speed="0" probabilityWeight="2" />                    <animation assetId="21969" actionType="respond" breakable="1" direction="none" speed="0" probabilityWeight="2" />                    <animation assetId="22378" actionType="idle" breakable="1" direction="none" speed="0" probabilityWeight="1" />                    <animation assetId="21946" actionType="eat" breakable="1" direction="none" speed="0" probabilityWeight="0" />                    <animation assetId="21947" actionType="eat" breakable="1" direction="none" speed="0" probabilityWeight="0" />                    <animation assetId="36909" actionType="eat" breakable="1" direction="none" speed="0" probabilityWeight="1" />                    <animation assetId="22088" actionType="run" breakable="1" direction="left" speed="200" probabilityWeight="1" />                    <animation assetId="22089" actionType="run" breakable="1" direction="right" speed="200" probabilityWeight="1" />                    <animation assetId="21954" actionType="learningTamatool" breakable="0" direction="none" speed="0" probabilityWeight="1" />                    <animation assetId="27342" actionType="jumpOn" breakable="1" direction="left" speed="120" probabilityWeight="1" />                    <animation assetId="27343" actionType="jumpOff" breakable="1" direction="left" speed="120" probabilityWeight="1" />                    <animation assetId="21959" actionType="interact" breakable="1" direction="left" speed="0" probabilityWeight="1" />                    <animation assetId="21960" actionType="interact" breakable="1" direction="right" speed="0" probabilityWeight="1" />                    <animation assetId="21965" actionType="sleep" breakable="1" direction="none" speed="0" probabilityWeight="1" />                    <animation assetId="22095" actionType="climbUp" breakable="1" direction="left" speed="20" probabilityWeight="1" />                    <animation assetId="22096" actionType="climbUp" breakable="1" direction="right" speed="20" probabilityWeight="1" />                    <animation assetId="22093" actionType="climbDown" breakable="1" direction="left" speed="20" probabilityWeight="1" />                    <animation assetId="22094" actionType="climbDown" breakable="1" direction="right" speed="20" probabilityWeight="1" />                    <animation assetId="21944" actionType="hungry" breakable="1" direction="none" speed="0" probabilityWeight="1" />                    <animation assetId="21942" actionType="dirty" breakable="1" direction="none" speed="0" probabilityWeight="1" />                    <animation assetId="21943" actionType="dirty" breakable="1" direction="none" speed="0" probabilityWeight="1" />                    <animation assetId="32975" actionType="hang" breakable="1" direction="none" speed="0" probabilityWeight="1" />                    <animation assetId="38138" actionType="finger_hang" breakable="1" direction="none" speed="0" probabilityWeight="1" />                    <animation assetId="38167" actionType="finger_stand" breakable="1" direction="none" speed="0" probabilityWeight="1" />                    <animation assetId="21955" actionType="tap_pet" breakable="1" direction="none" speed="0" probabilityWeight="1" />                    <animation assetId="21906" actionType="tap_pet" breakable="1" direction="none" speed="0" probabilityWeight="1" />                    <animation assetId="44962" actionType="nurture_hello" breakable="1" direction="none" speed="0" probabilityWeight="1" />                    <animation assetId="46418" actionType="nurture_head_tap" breakable="1" direction="none" speed="0" probabilityWeight="0" />                    <animation assetId="46832" actionType="nurture_head_tap" breakable="1" direction="none" speed="0" probabilityWeight="1" />                    <animation assetId="46417" actionType="nurtuare_stomach_tap" breakable="1" direction="none" speed="0" probabilityWeight="0" />                    <animation assetId="46418" actionType="nurtuare_stomach_tap" breakable="1" direction="none" speed="0" probabilityWeight="1" />                    <animation assetId="45440" actionType="nurture_head_rub" breakable="1" direction="none" speed="0" probabilityWeight="0" />                    <animation assetId="46150" actionType="nurture_head_rub" breakable="1" direction="none" speed="0" probabilityWeight="0" />                    <animation assetId="46152" actionType="nurture_head_rub" breakable="1" direction="none" speed="0" probabilityWeight="0" />                    <animation assetId="46151" actionType="nurture_head_rub" breakable="1" direction="none" speed="0" probabilityWeight="0" />                    <animation assetId="46238" actionType="nurture_head_rub" breakable="1" direction="none" speed="0" probabilityWeight="1" />                    <animation assetId="45903" actionType="nurture_stomach_rub" breakable="1" direction="none" speed="0" probabilityWeight="0" />                    <animation assetId="46147" actionType="nurture_stomach_rub" breakable="1" direction="none" speed="0" probabilityWeight="0" />                    <animation assetId="46148" actionType="nurture_stomach_rub" breakable="1" direction="none" speed="0" probabilityWeight="0" />                    <animation assetId="46149" actionType="nurture_stomach_rub" breakable="1" direction="none" speed="0" probabilityWeight="0" />                    <animation assetId="46371" actionType="nurture_stomach_rub" breakable="1" direction="none" speed="0" probabilityWeight="1" />                    <animation assetId="46443" actionType="nurture_stomach_rub" breakable="1" direction="none" speed="0" probabilityWeight="0" />                    <animation assetId="46444" actionType="nurture_stomach_rub" breakable="1" direction="none" speed="0" probabilityWeight="0" />                    <animation assetId="46445" actionType="nurture_stomach_rub" breakable="1" direction="none" speed="0" probabilityWeight="0" />                    <animation assetId="44925" actionType="no_no_no" breakable="1" direction="none" speed="0" probabilityWeight="1" />                    <animation assetId="45979" actionType="nurture_tutorial" breakable="1" direction="none" speed="0" probabilityWeight="1" />                    <animation assetId="46543" actionType="nurture_enough" breakable="1" direction="none" speed="0" probabilityWeight="1" />                    <animation assetId="47289" actionType="nurture_bye_bye" breakable="1" direction="none" speed="0" probabilityWeight="1" />                    <animation assetId="21921" actionType="nurture_idle" breakable="1" direction="none" speed="0" probabilityWeight="1" />                    <animation assetId="21924" actionType="nurture_idle" breakable="1" direction="none" speed="0" probabilityWeight="1" />                    <animation assetId="21935" actionType="nurture_idle" breakable="1" direction="none" speed="0" probabilityWeight="1" />                    <animation assetId="21927" actionType="nurture_idle" breakable="1" direction="none" speed="0" probabilityWeight="1" />                    <animation assetId="21932" actionType="nurture_idle" breakable="1" direction="none" speed="0" probabilityWeight="1" />                    <animation assetId="21937" actionType="nurture_idle" breakable="1" direction="none" speed="0" probabilityWeight="2" />    </animations>
