<?xml version="1.0" encoding="UTF-8"?><states>
            <state loopMax="3" type="stand">
                                                            <nextState type="stand" probabilityWeight="5"/>
                                            <nextState type="walk" probabilityWeight="3"/>
                                            <nextState type="sit" probabilityWeight="0"/>
                                            <nextState type="interact" probabilityWeight="4"/>
                                            <nextState type="thinking" probabilityWeight="0"/>
                                            <nextState type="hungry" probabilityWeight="2"/>
                                            <nextState type="dirty" probabilityWeight="2"/>
                    </state>
            <state loopMax="0" type="walk">
                                                            <nextState type="stand" probabilityWeight="5"/>
                                            <nextState type="walk" probabilityWeight="0"/>
                                            <nextState type="sit" probabilityWeight="0"/>
                                            <nextState type="interact" probabilityWeight="2"/>
                                            <nextState type="thinking" probabilityWeight="0"/>
                                            <nextState type="hungry" probabilityWeight="5"/>
                                            <nextState type="dirty" probabilityWeight="0"/>
                    </state>
            <state loopMax="0" type="sit">
                                                            <nextState type="stand" probabilityWeight="5"/>
                                            <nextState type="walk" probabilityWeight="5"/>
                                            <nextState type="sit" probabilityWeight="2"/>
                                            <nextState type="interact" probabilityWeight="0"/>
                                            <nextState type="thinking" probabilityWeight="0"/>
                                            <nextState type="hungry" probabilityWeight="5"/>
                                            <nextState type="dirty" probabilityWeight="0"/>
                    </state>
            <state loopMax="1" type="interact">
                                                            <nextState type="stand" probabilityWeight="5"/>
                                            <nextState type="walk" probabilityWeight="0"/>
                                            <nextState type="sit" probabilityWeight="0"/>
                                            <nextState type="interact" probabilityWeight="0"/>
                                            <nextState type="thinking" probabilityWeight="0"/>
                                            <nextState type="hungry" probabilityWeight="5"/>
                                            <nextState type="dirty" probabilityWeight="0"/>
                    </state>
            <state loopMax="0" type="thinking">
                                                            <nextState type="stand" probabilityWeight="5"/>
                                            <nextState type="walk" probabilityWeight="0"/>
                                            <nextState type="sit" probabilityWeight="0"/>
                                            <nextState type="interact" probabilityWeight="2"/>
                                            <nextState type="thinking" probabilityWeight="0"/>
                                            <nextState type="hungry" probabilityWeight="5"/>
                                            <nextState type="dirty" probabilityWeight="0"/>
                    </state>
            <state loopMax="0" type="hungry">
                                                            <nextState type="stand" probabilityWeight="5"/>
                                            <nextState type="walk" probabilityWeight="5"/>
                                            <nextState type="sit" probabilityWeight="0"/>
                                            <nextState type="interact" probabilityWeight="2"/>
                                            <nextState type="thinking" probabilityWeight="0"/>
                                            <nextState type="hungry" probabilityWeight="5"/>
                                            <nextState type="dirty" probabilityWeight="0"/>
                    </state>
            <state loopMax="0" type="dirty">
                                                            <nextState type="stand" probabilityWeight="5"/>
                                            <nextState type="walk" probabilityWeight="5"/>
                                            <nextState type="sit" probabilityWeight="0"/>
                                            <nextState type="interact" probabilityWeight="0"/>
                                            <nextState type="thinking" probabilityWeight="0"/>
                                            <nextState type="hungry" probabilityWeight="5"/>
                                            <nextState type="dirty" probabilityWeight="0"/>
                    </state>
    </states>
