<?xml version="1.0" encoding="UTF-8"?><plants fullAwardDayLimit="75" exceedingLimitAwardId="19239">
                    <plant awardId="18986" waterTime="259200" assetId="26" />
                    <plant awardId="18987" waterTime="259200" assetId="42" />
                    <plant awardId="18988" waterTime="259200" assetId="251" />
                    <plant awardId="18989" waterTime="259200" assetId="252" />
                    <plant awardId="18990" waterTime="259200" assetId="253" />
                    <plant awardId="18991" waterTime="172800" assetId="255" />
                    <plant awardId="18992" waterTime="172800" assetId="256" />
                    <plant awardId="18993" waterTime="172800" assetId="257" />
                    <plant awardId="18994" waterTime="259200" assetId="258" />
                    <plant awardId="18995" waterTime="259200" assetId="259" />
                    <plant awardId="18996" waterTime="259200" assetId="1845" />
                    <plant awardId="18997" waterTime="172800" assetId="1846" />
                    <plant awardId="18998" waterTime="259200" assetId="1847" />
                    <plant awardId="18999" waterTime="172800" assetId="1848" />
                    <plant awardId="19000" waterTime="172800" assetId="1849" />
                    <plant awardId="19001" waterTime="172800" assetId="1850" />
                    <plant awardId="19002" waterTime="172800" assetId="1851" />
                    <plant awardId="19003" waterTime="259200" assetId="1852" />
                    <plant awardId="19004" waterTime="259200" assetId="1853" />
                    <plant awardId="19005" waterTime="259200" assetId="1855" />
                    <plant awardId="19006" waterTime="172800" assetId="1856" />
                    <plant awardId="19007" waterTime="259200" assetId="1857" />
                    <plant awardId="19008" waterTime="259200" assetId="1858" />
                    <plant awardId="19009" waterTime="259200" assetId="1859" />
                    <plant awardId="19010" waterTime="172800" assetId="1860" />
                    <plant awardId="19011" waterTime="172800" assetId="1861" />
                    <plant awardId="19012" waterTime="172800" assetId="2523" />
                    <plant awardId="19013" waterTime="172800" assetId="2524" />
                    <plant awardId="19014" waterTime="172800" assetId="2525" />
                    <plant awardId="19015" waterTime="172800" assetId="2526" />
                    <plant awardId="19016" waterTime="259200" assetId="2593" />
                    <plant awardId="19017" waterTime="172800" assetId="2594" />
                    <plant awardId="19018" waterTime="172800" assetId="2595" />
                    <plant awardId="19019" waterTime="259200" assetId="2596" />
                    <plant awardId="19020" waterTime="172800" assetId="2597" />
                    <plant awardId="19021" waterTime="172800" assetId="2598" />
                    <plant awardId="19022" waterTime="259200" assetId="2600" />
                    <plant awardId="19023" waterTime="172800" assetId="2601" />
                    <plant awardId="19024" waterTime="604800" assetId="2602" />
                    <plant awardId="19025" waterTime="259200" assetId="2603" />
                    <plant awardId="19026" waterTime="259200" assetId="2772" />
                    <plant awardId="19027" waterTime="604800" assetId="2873" />
                    <plant awardId="19028" waterTime="604800" assetId="3157" />
                    <plant awardId="19029" waterTime="259200" assetId="3310" />
                    <plant awardId="19030" waterTime="604800" assetId="4947" />
                    <plant awardId="19031" waterTime="259200" assetId="5687" />
                    <plant awardId="19032" waterTime="604800" assetId="5809" />
                    <plant awardId="19033" waterTime="604800" assetId="5810" />
                    <plant awardId="19034" waterTime="604800" assetId="5817" />
                    <plant awardId="19035" waterTime="604800" assetId="5818" />
                    <plant awardId="19036" waterTime="604800" assetId="5819" />
                    <plant awardId="19037" waterTime="604800" assetId="5820" />
                    <plant awardId="19038" waterTime="604800" assetId="5831" />
                    <plant awardId="19039" waterTime="604800" assetId="5832" />
                    <plant awardId="19040" waterTime="604800" assetId="5839" />
                    <plant awardId="19041" waterTime="604800" assetId="5916" />
                    <plant awardId="19042" waterTime="172800" assetId="6565" />
                    <plant awardId="19043" waterTime="604800" assetId="6918" />
                    <plant awardId="19044" waterTime="259200" assetId="6934" />
                    <plant awardId="19045" waterTime="172800" assetId="7056" />
                    <plant awardId="19046" waterTime="172800" assetId="7057" />
                    <plant awardId="19047" waterTime="172800" assetId="7058" />
                    <plant awardId="19048" waterTime="604800" assetId="7059" />
                    <plant awardId="19049" waterTime="172800" assetId="7060" />
                    <plant awardId="19050" waterTime="604800" assetId="7062" />
                    <plant awardId="19051" waterTime="604800" assetId="7063" />
                    <plant awardId="19052" waterTime="604800" assetId="7065" />
                    <plant awardId="19053" waterTime="172800" assetId="7066" />
                    <plant awardId="19054" waterTime="604800" assetId="7075" />
                    <plant awardId="19055" waterTime="259200" assetId="7258" />
                    <plant awardId="19056" waterTime="259200" assetId="7267" />
                    <plant awardId="19057" waterTime="259200" assetId="8036" />
                    <plant awardId="19058" waterTime="259200" assetId="8037" />
                    <plant awardId="19059" waterTime="604800" assetId="8289" />
                    <plant awardId="19060" waterTime="604800" assetId="8290" />
                    <plant awardId="19061" waterTime="604800" assetId="8291" />
                    <plant awardId="19062" waterTime="604800" assetId="8292" />
                    <plant awardId="19063" waterTime="604800" assetId="8293" />
                    <plant awardId="19064" waterTime="604800" assetId="8294" />
                    <plant awardId="19065" waterTime="604800" assetId="8297" />
                    <plant awardId="19066" waterTime="604800" assetId="8298" />
                    <plant awardId="19067" waterTime="604800" assetId="8299" />
                    <plant awardId="19068" waterTime="604800" assetId="8300" />
                    <plant awardId="19069" waterTime="604800" assetId="8301" />
                    <plant awardId="19070" waterTime="604800" assetId="8306" />
                    <plant awardId="19071" waterTime="604800" assetId="8365" />
                    <plant awardId="19072" waterTime="604800" assetId="8766" />
                    <plant awardId="19073" waterTime="604800" assetId="8978" />
                    <plant awardId="19074" waterTime="604800" assetId="9505" />
                    <plant awardId="19075" waterTime="604800" assetId="10847" />
                    <plant awardId="19076" waterTime="604800" assetId="11446" />
                    <plant awardId="19077" waterTime="604800" assetId="11508" />
                    <plant awardId="19078" waterTime="604800" assetId="11691" />
                    <plant awardId="19079" waterTime="604800" assetId="12227" />
                    <plant awardId="19080" waterTime="604800" assetId="12421" />
                    <plant awardId="19081" waterTime="604800" assetId="12432" />
                    <plant awardId="19082" waterTime="604800" assetId="12433" />
                    <plant awardId="19083" waterTime="604800" assetId="12442" />
                    <plant awardId="19084" waterTime="604800" assetId="12443" />
                    <plant awardId="19085" waterTime="604800" assetId="12446" />
                    <plant awardId="19086" waterTime="604800" assetId="12462" />
                    <plant awardId="19087" waterTime="604800" assetId="12615" />
                    <plant awardId="19088" waterTime="604800" assetId="12625" />
                    <plant awardId="19089" waterTime="604800" assetId="13161" />
                    <plant awardId="19090" waterTime="604800" assetId="13186" />
                    <plant awardId="19091" waterTime="604800" assetId="13200" />
                    <plant awardId="19092" waterTime="604800" assetId="13354" />
                    <plant awardId="19093" waterTime="604800" assetId="13377" />
                            <plant awardId="19094" waterTime="604800" assetId="15730" />
                    <plant awardId="19095" waterTime="604800" assetId="15771" />
                    <plant awardId="19096" waterTime="604800" assetId="15772" />
                    <plant awardId="19097" waterTime="604800" assetId="15794" />
                    <plant awardId="19098" waterTime="604800" assetId="15795" />
                    <plant awardId="19099" waterTime="604800" assetId="16289" />
                    <plant awardId="19100" waterTime="604800" assetId="16341" />
                    <plant awardId="19101" waterTime="604800" assetId="16393" />
                    <plant awardId="19102" waterTime="604800" assetId="16665" />
                    <plant awardId="19103" waterTime="604800" assetId="16690" />
                            <plant awardId="19104" waterTime="604800" assetId="16802" />
                            <plant awardId="19105" waterTime="604800" assetId="17523" />
                    <plant awardId="19106" waterTime="604800" assetId="17580" />
                    <plant awardId="19107" waterTime="604800" assetId="17612" />
                    <plant awardId="19108" waterTime="604800" assetId="17959" />
                    <plant awardId="19109" waterTime="604800" assetId="17960" />
                    <plant awardId="19110" waterTime="604800" assetId="18077" />
                    <plant awardId="19111" waterTime="604800" assetId="18169" />
                    <plant awardId="19112" waterTime="604800" assetId="18171" />
                    <plant awardId="19113" waterTime="604800" assetId="18215" />
                    <plant awardId="19114" waterTime="604800" assetId="18544" />
                    <plant awardId="19115" waterTime="604800" assetId="18610" />
                    <plant awardId="19116" waterTime="604800" assetId="18625" />
                            <plant awardId="19117" waterTime="604800" assetId="18889" />
                    <plant awardId="19118" waterTime="604800" assetId="18917" />
                    <plant awardId="19119" waterTime="604800" assetId="18926" />
                    <plant awardId="19120" waterTime="604800" assetId="18936" />
                    <plant awardId="19121" waterTime="604800" assetId="19060" />
                    <plant awardId="19122" waterTime="604800" assetId="19148" />
                    <plant awardId="19123" waterTime="604800" assetId="19324" />
                    <plant awardId="19124" waterTime="604800" assetId="19499" />
                    <plant awardId="19125" waterTime="604800" assetId="19527" />
                            <plant awardId="19126" waterTime="604800" assetId="19646" />
                    <plant awardId="19127" waterTime="604800" assetId="19686" />
                    <plant awardId="19128" waterTime="604800" assetId="20038" />
                    <plant awardId="19129" waterTime="604800" assetId="20039" />
                    <plant awardId="19130" waterTime="604800" assetId="20242" />
                    <plant awardId="19131" waterTime="604800" assetId="20684" />
                    <plant awardId="19132" waterTime="604800" assetId="21046" />
                    <plant awardId="19133" waterTime="604800" assetId="21073" />
                    <plant awardId="19134" waterTime="604800" assetId="21718" />
                    <plant awardId="19135" waterTime="604800" assetId="21720" />
                    <plant awardId="19136" waterTime="604800" assetId="22127" />
                    <plant awardId="19137" waterTime="604800" assetId="22134" />
                    <plant awardId="19138" waterTime="604800" assetId="22473" />
                    <plant awardId="19139" waterTime="604800" assetId="22548" />
                    <plant awardId="19140" waterTime="604800" assetId="22732" />
                    <plant awardId="19141" waterTime="604800" assetId="22771" />
                    <plant awardId="19142" waterTime="604800" assetId="22783" />
                    <plant awardId="19143" waterTime="604800" assetId="22818" />
                    <plant awardId="19144" waterTime="604800" assetId="22819" />
                    <plant awardId="19145" waterTime="604800" assetId="22946" />
                    <plant awardId="19146" waterTime="604800" assetId="23092" />
                    <plant awardId="19147" waterTime="604800" assetId="24054" />
                    <plant awardId="19148" waterTime="604800" assetId="24103" />
                    <plant awardId="19149" waterTime="604800" assetId="24496" />
                    <plant awardId="19150" waterTime="604800" assetId="24582" />
                    <plant awardId="19151" waterTime="604800" assetId="24591" />
                    <plant awardId="19152" waterTime="604800" assetId="24605" />
                    <plant awardId="19153" waterTime="604800" assetId="24759" />
                    <plant awardId="19154" waterTime="604800" assetId="24761" />
                    <plant awardId="19155" waterTime="604800" assetId="24957" />
                    <plant awardId="19156" waterTime="604800" assetId="25170" />
                    <plant awardId="19157" waterTime="604800" assetId="25190" />
                    <plant awardId="19158" waterTime="604800" assetId="25806" />
                    <plant awardId="19159" waterTime="604800" assetId="25843" />
                    <plant awardId="19160" waterTime="604800" assetId="26418" />
                    <plant awardId="19161" waterTime="604800" assetId="26419" />
                            <plant awardId="19162" waterTime="604800" assetId="26658" />
                    <plant awardId="19163" waterTime="604800" assetId="26760" />
                    <plant awardId="19164" waterTime="604800" assetId="26859" />
                    <plant awardId="19165" waterTime="604800" assetId="26926" />
                    <plant awardId="19166" waterTime="604800" assetId="26977" />
                    <plant awardId="19167" waterTime="604800" assetId="26980" />
                    <plant awardId="19168" waterTime="604800" assetId="26987" />
                    <plant awardId="19169" waterTime="604800" assetId="27017" />
                    <plant awardId="19170" waterTime="604800" assetId="27019" />
                    <plant awardId="19171" waterTime="604800" assetId="27063" />
                    <plant awardId="19172" waterTime="604800" assetId="27507" />
                            <plant awardId="19173" waterTime="604800" assetId="27794" />
                    <plant awardId="19174" waterTime="604800" assetId="27914" />
                    <plant awardId="19175" waterTime="604800" assetId="27918" />
                    <plant awardId="19176" waterTime="604800" assetId="27932" />
                    <plant awardId="19177" waterTime="604800" assetId="27973" />
                    <plant awardId="19178" waterTime="604800" assetId="28046" />
                    <plant awardId="19179" waterTime="604800" assetId="28215" />
                    <plant awardId="19180" waterTime="604800" assetId="28363" />
                    <plant awardId="19181" waterTime="604800" assetId="28482" />
                    <plant awardId="19182" waterTime="604800" assetId="28712" />
                    <plant awardId="19183" waterTime="604800" assetId="29101" />
                    <plant awardId="19184" waterTime="604800" assetId="29185" />
                    <plant awardId="19185" waterTime="604800" assetId="29240" />
                    <plant awardId="19186" waterTime="604800" assetId="29423" />
                    <plant awardId="19187" waterTime="604800" assetId="29552" />
                    <plant awardId="19188" waterTime="604800" assetId="29559" />
                    <plant awardId="19189" waterTime="604800" assetId="29604" />
                    <plant awardId="19190" waterTime="604800" assetId="29640" />
                            <plant awardId="19191" waterTime="604800" assetId="32939" />
                                            <plant awardId="19192" waterTime="604800" assetId="37705" />
                                            <plant awardId="19193" waterTime="604800" assetId="40333" />
                            <plant awardId="19194" waterTime="604800" assetId="40694" />
                    <plant awardId="19195" waterTime="604800" assetId="41365" />
                    <plant awardId="19196" waterTime="604800" assetId="41648" />
                    <plant awardId="19197" waterTime="604800" assetId="42165" />
                                                    <plant awardId="19198" waterTime="604800" assetId="42485" />
                            <plant awardId="19199" waterTime="604800" assetId="42541" />
                    <plant awardId="19200" waterTime="604800" assetId="42545" />
                    <plant awardId="19201" waterTime="604800" assetId="42618" />
                                                    <plant awardId="19202" waterTime="604800" assetId="42779" />
                            <plant awardId="19203" waterTime="604800" assetId="42863" />
                    <plant awardId="19204" waterTime="604800" assetId="42879" />
                                                                                            <plant awardId="19205" waterTime="604800" assetId="43534" />
                    <plant awardId="19206" waterTime="604800" assetId="43626" />
                    <plant awardId="19207" waterTime="604800" assetId="43861" />
                    <plant awardId="19208" waterTime="604800" assetId="43879" />
                            <plant awardId="19209" waterTime="604800" assetId="44044" />
                                            <plant awardId="19210" waterTime="604800" assetId="44377" />
                    <plant awardId="19211" waterTime="604800" assetId="44378" />
                                    <plant awardId="19212" waterTime="604800" assetId="44455" />
                    <plant awardId="19213" waterTime="604800" assetId="44456" />
                    <plant awardId="19214" waterTime="604800" assetId="44457" />
                                            <plant awardId="19215" waterTime="604800" assetId="44461" />
                    <plant awardId="19216" waterTime="604800" assetId="44462" />
                    <plant awardId="19217" waterTime="604800" assetId="44463" />
                                    <plant awardId="19218" waterTime="604800" assetId="44655" />
                    <plant awardId="19219" waterTime="604800" assetId="44838" />
                                                                            <plant awardId="19220" waterTime="604800" assetId="45375" />
                                    <plant awardId="19221" waterTime="604800" assetId="45416" />
                                                    <plant awardId="19222" waterTime="604800" assetId="45900" />
                    <plant awardId="19223" waterTime="604800" assetId="45917" />
                                                    <plant awardId="19224" waterTime="604800" assetId="46345" />
                    <plant awardId="19225" waterTime="604800" assetId="46518" />
                    <plant awardId="19226" waterTime="604800" assetId="46519" />
                                            <plant awardId="19227" waterTime="604800" assetId="46992" />
                    <plant awardId="19228" waterTime="604800" assetId="47039" />
                                                    <plant awardId="19229" waterTime="259200" assetId="254" />
                    <plant awardId="19230" waterTime="259200" assetId="1844" />
                    <plant awardId="19231" waterTime="259200" assetId="1854" />
                    <plant awardId="19232" waterTime="604800" assetId="12449" />
                    <plant awardId="19233" waterTime="604800" assetId="12450" />
                    <plant awardId="19234" waterTime="604800" assetId="13189" />
                    <plant awardId="19235" waterTime="604800" assetId="14449" />
                    <plant awardId="19236" waterTime="604800" assetId="14450" />
                    <plant awardId="19237" waterTime="604800" assetId="45402" />
                                    <plant awardId="19238" waterTime="259200" assetId="45834" />
    </plants>
