<?xml version="1.0" encoding="UTF-8"?><randomAwards>
    		<randomAward id="1" name="Shop Random Box">
			<slots>
                    				<slotItem id="1" name="Slot 1 XP" awardId="19676" availableFromOpeningNo="0" limit="1" dateFrom="1389686400" dateTill="1393315199" fcdFrom="0" fcdTill="0" />
                    				<slotItem id="2" name="Slot 2 GC" awardId="19677" availableFromOpeningNo="1" limit="1" dateFrom="1389686400" dateTill="1393315199" fcdFrom="0" fcdTill="0" />
                    				<slotItem id="3" name="Slot 3 Coins" awardId="19678" availableFromOpeningNo="2" limit="1" dateFrom="1389686400" dateTill="1393315199" fcdFrom="0" fcdTill="0" />
                			</slots>
		</randomAward>
    		<randomAward id="3" name="Clothes test bag">
			<slots>
                    				<slotItem id="1" name="Some Random Costume" awardId="19679" availableFromOpeningNo="0" limit="4" dateFrom="0" dateTill="0" fcdFrom="0" fcdTill="0" />
                			</slots>
		</randomAward>
    		<randomAward id="4" name="Shower Ramdom Award">
			<slots>
                    				<slotItem id="1" name="Award XP" awardId="19680" availableFromOpeningNo="0" limit="1" dateFrom="0" dateTill="0" fcdFrom="0" fcdTill="0" />
                    				<slotItem id="2" name="Award Cash" awardId="19681" availableFromOpeningNo="1" limit="1" dateFrom="0" dateTill="0" fcdFrom="0" fcdTill="0" />
                    				<slotItem id="3" name="Award Coins" awardId="19682" availableFromOpeningNo="2" limit="1" dateFrom="0" dateTill="0" fcdFrom="0" fcdTill="0" />
                    				<slotItem id="4" name="Bonus Cash" awardId="19683" availableFromOpeningNo="3" limit="1" dateFrom="0" dateTill="0" fcdFrom="0" fcdTill="0" />
                    				<slotItem id="5" name="Bonus Coins" awardId="19684" availableFromOpeningNo="4" limit="1" dateFrom="0" dateTill="0" fcdFrom="0" fcdTill="0" />
                    				<slotItem id="6" name="Rand 3 Learning Items" awardId="19685" availableFromOpeningNo="5" limit="1" dateFrom="0" dateTill="0" fcdFrom="0" fcdTill="0" />
                    				<slotItem id="7" name="Learning items 1,1,1" awardId="19686" availableFromOpeningNo="6" limit="1" dateFrom="0" dateTill="0" fcdFrom="0" fcdTill="0" />
                    				<slotItem id="8" name="Rand 3 Ingredients" awardId="19687" availableFromOpeningNo="7" limit="1" dateFrom="0" dateTill="0" fcdFrom="0" fcdTill="0" />
                    				<slotItem id="9" name="Ingredients 1,1,1" awardId="19688" availableFromOpeningNo="8" limit="1" dateFrom="0" dateTill="0" fcdFrom="0" fcdTill="0" />
                    				<slotItem id="10" name="Asset 1797" awardId="19689" availableFromOpeningNo="9" limit="1" dateFrom="0" dateTill="0" fcdFrom="0" fcdTill="0" />
                			</slots>
		</randomAward>
    		<randomAward id="5" name="Shower small test">
			<slots>
                    				<slotItem id="1" name="coins" awardId="" availableFromOpeningNo="0" limit="1" dateFrom="0" dateTill="0" fcdFrom="0" fcdTill="0" />
                    				<slotItem id="2" name="cash" awardId="19690" availableFromOpeningNo="0" limit="1" dateFrom="0" dateTill="0" fcdFrom="0" fcdTill="0" />
                    				<slotItem id="3" name="couch" awardId="19691" availableFromOpeningNo="0" limit="1" dateFrom="0" dateTill="0" fcdFrom="0" fcdTill="0" />
                			</slots>
		</randomAward>
    		<randomAward id="6" name="Collection test">
			<slots>
                    				<slotItem id="1" name="Couch" awardId="19692" availableFromOpeningNo="0" limit="1" dateFrom="0" dateTill="0" fcdFrom="0" fcdTill="0" />
                    				<slotItem id="2" name="Table" awardId="19693" availableFromOpeningNo="1" limit="1" dateFrom="0" dateTill="0" fcdFrom="0" fcdTill="0" />
                    				<slotItem id="3" name="Lamp" awardId="19694" availableFromOpeningNo="2" limit="1" dateFrom="0" dateTill="0" fcdFrom="0" fcdTill="0" />
                			</slots>
		</randomAward>
    		<randomAward id="7" name="1 min food random award">
			<slots>
                    				<slotItem id="1" name="200 Coins" awardId="19695" availableFromOpeningNo="3" limit="30" dateFrom="0" dateTill="0" fcdFrom="0" fcdTill="0" />
                    				<slotItem id="2" name="1 Cash" awardId="19696" availableFromOpeningNo="1" limit="1" dateFrom="0" dateTill="0" fcdFrom="0" fcdTill="0" />
                    				<slotItem id="3" name="Gems" awardId="19697" availableFromOpeningNo="0" limit="1" dateFrom="0" dateTill="0" fcdFrom="0" fcdTill="0" />
                    				<slotItem id="4" name="500 Coins" awardId="19698" availableFromOpeningNo="0" limit="1" dateFrom="0" dateTill="0" fcdFrom="0" fcdTill="0" />
                    				<slotItem id="5" name="2 Cash" awardId="19699" availableFromOpeningNo="6" limit="8" dateFrom="0" dateTill="0" fcdFrom="0" fcdTill="0" />
                    				<slotItem id="6" name="750 Coins" awardId="19700" availableFromOpeningNo="7" limit="15" dateFrom="0" dateTill="0" fcdFrom="0" fcdTill="0" />
                    				<slotItem id="7" name="3 Cash" awardId="19701" availableFromOpeningNo="10" limit="4" dateFrom="0" dateTill="0" fcdFrom="0" fcdTill="0" />
                    				<slotItem id="8" name="500 Coins" awardId="19702" availableFromOpeningNo="4" limit="14" dateFrom="0" dateTill="0" fcdFrom="0" fcdTill="0" />
                    				<slotItem id="9" name="Gems" awardId="19703" availableFromOpeningNo="6" limit="24" dateFrom="0" dateTill="0" fcdFrom="0" fcdTill="0" />
                    				<slotItem id="10" name="Cash" awardId="19704" availableFromOpeningNo="7" limit="11" dateFrom="0" dateTill="0" fcdFrom="0" fcdTill="0" />
                			</slots>
		</randomAward>
    		<randomAward id="8" name="Test award">
			<slots>
                    				<slotItem id="1" name="Cash" awardId="19705" availableFromOpeningNo="0" limit="1" dateFrom="0" dateTill="0" fcdFrom="0" fcdTill="0" />
                    				<slotItem id="2" name="Coins" awardId="19706" availableFromOpeningNo="1" limit="1" dateFrom="0" dateTill="0" fcdFrom="0" fcdTill="0" />
                    				<slotItem id="3" name="XP" awardId="19707" availableFromOpeningNo="2" limit="1" dateFrom="0" dateTill="0" fcdFrom="0" fcdTill="0" />
                			</slots>
		</randomAward>
    		<randomAward id="9" name="Candy bag award">
			<slots>
                    				<slotItem id="1" name="candy 14051" awardId="19708" availableFromOpeningNo="0" limit="5" dateFrom="0" dateTill="0" fcdFrom="0" fcdTill="0" />
                    				<slotItem id="2" name="candy 14056" awardId="19709" availableFromOpeningNo="0" limit="5" dateFrom="0" dateTill="0" fcdFrom="0" fcdTill="0" />
                    				<slotItem id="3" name="candy 14054" awardId="19710" availableFromOpeningNo="0" limit="5" dateFrom="0" dateTill="0" fcdFrom="0" fcdTill="0" />
                    				<slotItem id="4" name="candy 14044" awardId="19711" availableFromOpeningNo="0" limit="5" dateFrom="0" dateTill="0" fcdFrom="0" fcdTill="0" />
                			</slots>
		</randomAward>
    		<randomAward id="10" name="">
			<slots>
                			</slots>
		</randomAward>
    		<randomAward id="11" name="Daily Loot award">
			<slots>
                    				<slotItem id="1" name="1500 Coins" awardId="19712" availableFromOpeningNo="0" limit="1" dateFrom="0" dateTill="0" fcdFrom="1" fcdTill="1" />
                    				<slotItem id="2" name="5000 Coins" awardId="19713" availableFromOpeningNo="0" limit="1" dateFrom="0" dateTill="0" fcdFrom="2" fcdTill="2" />
                    				<slotItem id="3" name="2500 Coins &amp; 2 Gems" awardId="19714" availableFromOpeningNo="0" limit="1" dateFrom="0" dateTill="0" fcdFrom="3" fcdTill="3" />
                    				<slotItem id="4" name="3000 Coins &amp; 2 Gems" awardId="19715" availableFromOpeningNo="0" limit="1" dateFrom="0" dateTill="0" fcdFrom="4" fcdTill="4" />
                    				<slotItem id="5" name="2000 Coins &amp; 2 Peanuts" awardId="19716" availableFromOpeningNo="0" limit="1" dateFrom="0" dateTill="0" fcdFrom="5" fcdTill="5" />
                    				<slotItem id="6" name="1500 Coins" awardId="19717" availableFromOpeningNo="0" limit="4" dateFrom="0" dateTill="0" fcdFrom="0" fcdTill="0" />
                    				<slotItem id="7" name="2 nuts &amp; 750 Coins" awardId="19718" availableFromOpeningNo="0" limit="1" dateFrom="0" dateTill="0" fcdFrom="0" fcdTill="0" />
                    				<slotItem id="8" name="2 Gems &amp; 750 Coins" awardId="19719" availableFromOpeningNo="1" limit="1" dateFrom="0" dateTill="0" fcdFrom="0" fcdTill="0" />
                    				<slotItem id="9" name="1 Green Cash &amp; 750 Coins" awardId="19720" availableFromOpeningNo="3" limit="1" dateFrom="0" dateTill="0" fcdFrom="0" fcdTill="0" />
                			</slots>
		</randomAward>
    		<randomAward id="12" name="Random ingredient for nuts, TEMPORARY">
			<slots>
                    				<slotItem id="1" name="" awardId="19721" availableFromOpeningNo="0" limit="1" dateFrom="0" dateTill="0" fcdFrom="0" fcdTill="0" />
                    				<slotItem id="2" name="" awardId="19722" availableFromOpeningNo="0" limit="1" dateFrom="0" dateTill="0" fcdFrom="0" fcdTill="0" />
                			</slots>
		</randomAward>
    		<randomAward id="13" name="Neighbor Loot Medium">
			<slots>
                    				<slotItem id="1" name="2 Gems!" awardId="19723" availableFromOpeningNo="0" limit="1" dateFrom="0" dateTill="0" fcdFrom="0" fcdTill="0" />
                    				<slotItem id="2" name="Coins!" awardId="19724" availableFromOpeningNo="0" limit="1" dateFrom="0" dateTill="0" fcdFrom="0" fcdTill="0" />
                    				<slotItem id="3" name="Coins!" awardId="19725" availableFromOpeningNo="0" limit="1" dateFrom="0" dateTill="0" fcdFrom="0" fcdTill="0" />
                    				<slotItem id="4" name="Ingredients!" awardId="19726" availableFromOpeningNo="0" limit="1" dateFrom="0" dateTill="0" fcdFrom="0" fcdTill="0" />
                    				<slotItem id="5" name="Nuts!" awardId="19727" availableFromOpeningNo="0" limit="1" dateFrom="0" dateTill="0" fcdFrom="0" fcdTill="0" />
                			</slots>
		</randomAward>
    		<randomAward id="14" name="Neighbor Loot Big">
			<slots>
                    				<slotItem id="1" name="2 Gc!" awardId="19728" availableFromOpeningNo="0" limit="1" dateFrom="0" dateTill="0" fcdFrom="0" fcdTill="0" />
                    				<slotItem id="2" name="Roasted Nuts!" awardId="19729" availableFromOpeningNo="0" limit="2" dateFrom="0" dateTill="0" fcdFrom="0" fcdTill="0" />
                    				<slotItem id="3" name="Coins!" awardId="19730" availableFromOpeningNo="0" limit="2" dateFrom="0" dateTill="0" fcdFrom="0" fcdTill="0" />
                    				<slotItem id="4" name="1 GC" awardId="19731" availableFromOpeningNo="0" limit="2" dateFrom="0" dateTill="0" fcdFrom="0" fcdTill="0" />
                			</slots>
		</randomAward>
    </randomAwards>
