<?xml version="1.0" encoding="UTF-8"?><sounds>
                                                                                    <sound id="9" tag="ApplicationBackGroundMusic" volume="85" soundFileAssetId="32417" />
                    <sound id="10" tag="ApplicationMoneyFallOut" volume="25" soundFileAssetId="32419" />
                    <sound id="11" tag="ApplicationGeneralPickUp" volume="100" soundFileAssetId="32420" />
                    <sound id="12" tag="ApplicationCollectiblesPickUp" volume="100" soundFileAssetId="32423" />
                    <sound id="13" tag="ApplicationCashRegister" volume="100" soundFileAssetId="32425" />
                    <sound id="14" tag="ApplicationActiveTap" volume="100" soundFileAssetId="32426" />
                    <sound id="15" tag="ApplicationPetEating" volume="100" soundFileAssetId="32427" />
                    <sound id="16" tag="ApplicationLevelUp" volume="100" soundFileAssetId="32429" />
                    <sound id="17" tag="ApplicationOpenRandomBox" volume="100" soundFileAssetId="32431" />
                    <sound id="18" tag="ApplicationCoinPickUp" volume="100" soundFileAssetId="32432" />
                                                                                                                                                                                                                                                                                                                            <sound id="56" tag="ApplicationOpenGiftBox" volume="100" soundFileAssetId="33252" />
                                                                                                                                                                                                                                                    </sounds>
