<?xml version="1.0" encoding="UTF-8"?><tamatools>
            <tamatool id="5" name="Shower" iconAssetId="21748" largeIconAssetId="21874" dragIconAssetId="22282" agreeAnimationAssetId="22031" refuseAnimationAssetId="22298" revealLevel="1" minLevel="1" cashPrice="0" reloadTimeout="86400" sleep="0" awardId="19732">
                        <learningItems>
                            </learningItems>
        </tamatool>
            <tamatool id="6" name="Teddybear" iconAssetId="21749" largeIconAssetId="21875" dragIconAssetId="22283" agreeAnimationAssetId="22004" refuseAnimationAssetId="22298" revealLevel="1" minLevel="1" cashPrice="0" reloadTimeout="3600" sleep="0" awardId="19733">
                        <learningItems>
                            </learningItems>
        </tamatool>
            <tamatool id="7" name="Water" iconAssetId="21733" largeIconAssetId="21870" dragIconAssetId="22284" agreeAnimationAssetId="22005" refuseAnimationAssetId="22298" revealLevel="30" minLevel="1" cashPrice="5" reloadTimeout="28800" sleep="0" awardId="19734">
                        <learningItems>
                                    <learningItem id="2" qty="5"/>
                                    <learningItem id="3" qty="5"/>
                                    <learningItem id="7" qty="5"/>
                                    <learningItem id="8" qty="5"/>
                            </learningItems>
        </tamatool>
            <tamatool id="8" name="Vitamins" iconAssetId="21747" largeIconAssetId="21869" dragIconAssetId="22285" agreeAnimationAssetId="22030" refuseAnimationAssetId="22298" revealLevel="50" minLevel="1" cashPrice="5" reloadTimeout="86400" sleep="0" awardId="19735">
                        <learningItems>
                                    <learningItem id="1" qty="14"/>
                                    <learningItem id="2" qty="14"/>
                                    <learningItem id="4" qty="14"/>
                                    <learningItem id="5" qty="14"/>
                                    <learningItem id="6" qty="14"/>
                            </learningItems>
        </tamatool>
            <tamatool id="9" name="Mirror" iconAssetId="21746" largeIconAssetId="21876" dragIconAssetId="22286" agreeAnimationAssetId="22006" refuseAnimationAssetId="22298" revealLevel="1" minLevel="1" cashPrice="5" reloadTimeout="3600" sleep="0" awardId="19736">
                        <learningItems>
                            </learningItems>
        </tamatool>
            <tamatool id="10" name="Magazine" iconAssetId="21745" largeIconAssetId="21877" dragIconAssetId="22287" agreeAnimationAssetId="22007" refuseAnimationAssetId="22298" revealLevel="50" minLevel="1" cashPrice="5" reloadTimeout="86400" sleep="0" awardId="19737">
                        <learningItems>
                                    <learningItem id="2" qty="12"/>
                                    <learningItem id="3" qty="12"/>
                                    <learningItem id="4" qty="12"/>
                                    <learningItem id="5" qty="12"/>
                                    <learningItem id="8" qty="12"/>
                            </learningItems>
        </tamatool>
            <tamatool id="11" name="Ball" iconAssetId="21742" largeIconAssetId="21868" dragIconAssetId="22288" agreeAnimationAssetId="22315" refuseAnimationAssetId="22298" revealLevel="30" minLevel="1" cashPrice="5" reloadTimeout="28800" sleep="0" awardId="19738">
                        <learningItems>
                                    <learningItem id="3" qty="7"/>
                                    <learningItem id="5" qty="7"/>
                                    <learningItem id="6" qty="7"/>
                                    <learningItem id="7" qty="7"/>
                                    <learningItem id="8" qty="7"/>
                            </learningItems>
        </tamatool>
            <tamatool id="12" name="HulaHoop" iconAssetId="21743" largeIconAssetId="21878" dragIconAssetId="22289" agreeAnimationAssetId="22008" refuseAnimationAssetId="22298" revealLevel="50" minLevel="1" cashPrice="5" reloadTimeout="7200" sleep="0" awardId="19739">
                        <learningItems>
                                    <learningItem id="1" qty="9"/>
                                    <learningItem id="4" qty="9"/>
                                    <learningItem id="6" qty="10"/>
                                    <learningItem id="7" qty="10"/>
                                    <learningItem id="8" qty="10"/>
                            </learningItems>
        </tamatool>
            <tamatool id="13" name="Karate" iconAssetId="21744" largeIconAssetId="21879" dragIconAssetId="22279" agreeAnimationAssetId="22009" refuseAnimationAssetId="22298" revealLevel="30" minLevel="1" cashPrice="5" reloadTimeout="86400" sleep="0" awardId="19740">
                        <learningItems>
                                    <learningItem id="2" qty="4"/>
                                    <learningItem id="3" qty="4"/>
                                    <learningItem id="5" qty="4"/>
                                    <learningItem id="7" qty="4"/>
                            </learningItems>
        </tamatool>
            <tamatool id="14" name="Sleep" iconAssetId="33486" largeIconAssetId="33484" dragIconAssetId="33484" agreeAnimationAssetId="0" refuseAnimationAssetId="22298" revealLevel="2" minLevel="2" cashPrice="5" reloadTimeout="21600" sleep="1" awardId="19741">
                        <learningItems>
                            </learningItems>
        </tamatool>
    </tamatools>
