<?xml version="1.0" encoding="UTF-8"?><trackingEvents>
            <event id="0" enabled="1" />
            <event id="1" enabled="1" />
            <event id="2" enabled="1" />
            <event id="3" enabled="1" />
            <event id="4" enabled="1" />
            <event id="5" enabled="0" />
            <event id="6" enabled="1" />
            <event id="7" enabled="1" />
            <event id="8" enabled="1" />
            <event id="9" enabled="1" />
            <event id="10" enabled="0" />
            <event id="11" enabled="1" />
            <event id="12" enabled="1" />
            <event id="13" enabled="1" />
            <event id="14" enabled="1" />
            <event id="15" enabled="0" />
            <event id="16" enabled="0" />
            <event id="17" enabled="0" />
            <event id="18" enabled="1" />
            <event id="19" enabled="1" />
            <event id="20" enabled="1" />
            <event id="21" enabled="1" />
            <event id="22" enabled="0" />
            <event id="23" enabled="1" />
            <event id="24" enabled="1" />
            <event id="25" enabled="1" />
            <event id="26" enabled="1" />
            <event id="27" enabled="1" />
            <event id="28" enabled="0" />
            <event id="29" enabled="0" />
            <event id="30" enabled="0" />
            <event id="31" enabled="0" />
            <event id="32" enabled="0" />
            <event id="33" enabled="0" />
            <event id="34" enabled="0" />
            <event id="35" enabled="0" />
            <event id="36" enabled="1" />
            <event id="37" enabled="1" />
            <event id="38" enabled="1" />
            <event id="39" enabled="1" />
            <event id="40" enabled="1" />
            <event id="41" enabled="1" />
            <event id="42" enabled="1" />
            <event id="43" enabled="1" />
            <event id="44" enabled="1" />
            <event id="45" enabled="0" />
            <event id="46" enabled="0" />
            <event id="47" enabled="0" />
            <event id="48" enabled="1" />
            <event id="49" enabled="1" />
            <event id="50" enabled="1" />
            <event id="51" enabled="1" />
            <event id="52" enabled="1" />
            <event id="53" enabled="1" />
            <event id="54" enabled="1" />
            <event id="55" enabled="1" />
            <event id="56" enabled="1" />
            <event id="57" enabled="1" />
            <event id="58" enabled="1" />
            <event id="59" enabled="1" />
            <event id="60" enabled="0" />
            <event id="61" enabled="1" />
            <event id="62" enabled="1" />
            <event id="63" enabled="1" />
            <event id="64" enabled="1" />
            <event id="65" enabled="1" />
            <event id="66" enabled="1" />
            <event id="67" enabled="1" />
            <event id="68" enabled="0" />
            <event id="69" enabled="1" />
            <event id="70" enabled="0" />
            <event id="71" enabled="0" />
            <event id="72" enabled="1" />
            <event id="73" enabled="1" />
            <event id="74" enabled="1" />
    </trackingEvents>
