<?xml version="1.0" encoding="UTF-8"?><shopGroups bgAssetId="35854" bgPosX="0" bgPosY="0">
    <signs x="0" y="0">
        <new assetId="36050" />
        <closed assetId="36051" />
        <preview assetId="36456" />
    </signs>
    <banners x="512" y="496" />

        	<shopGroup buttonAssetId="35846" pressedButtonAssetId="35846" id="stylist" xCoordinate="64" yCoordinate="248" deptAccess="0">
                	</shopGroup>
        	<shopGroup buttonAssetId="35849" pressedButtonAssetId="35849" id="1" xCoordinate="683" yCoordinate="248" deptAccess="0">
                            <shop id="2" url="live/mobile/xml/mob_2Shop_en_US-ecac8919859a5125cf588e54d1a8c7ef.xml" bundleName="mob_2Shop_en_US.xml" title="Hairstyles"
                revealDate="0" expireDate="0" revealLevel="1" revealOnFcd="1"
                majorUpdateTimestamp="0" isDefault="1" newSign="0" />
                	</shopGroup>
        	<shopGroup buttonAssetId="35845" pressedButtonAssetId="35845" id="3" xCoordinate="64" yCoordinate="140" deptAccess="0">
                            <shop id="3" url="live/mobile/xml/mob_3Shop_en_US-80645d9a92abd4efbb1361e8b4a32d04.xml" bundleName="mob_3Shop_en_US.xml" title="Clothes Shop"
                revealDate="0" expireDate="0" revealLevel="1" revealOnFcd="1"
                majorUpdateTimestamp="0" isDefault="1" newSign="0" />
                	</shopGroup>
        	<shopGroup buttonAssetId="35847" pressedButtonAssetId="35847" id="4" xCoordinate="375" yCoordinate="248" deptAccess="0">
                            <shop id="1" url="live/mobile/xml/mob_1Shop_en_US-9f5b695690262c027ff75a16f85d81af.xml" bundleName="mob_1Shop_en_US.xml" title="Furniture Mart"
                revealDate="0" expireDate="0" revealLevel="1" revealOnFcd="1"
                majorUpdateTimestamp="0" isDefault="1" newSign="0" />
                	</shopGroup>
    </shopGroups>
