{"neighbors":{"fbUid":"100008284329192","neighborPets":[{"petServerId":"7","customization":"2,7,23,20,20,20,1,5,2,2,20,13495807,5420768","experience":"40468","level":"27","name":"Jackie","gender":"m","landingRoomIdForNeighbor":"room1","rooms":[{"id":"storage1","name":"Room storage1","isOpened":1,"width":4096,"position":0,"assets":[]},{"id":"closet1","name":"Room closet1","isOpened":1,"width":4096,"position":0,"assets":[]},{"id":"putOn","name":"Room putOn","isOpened":1,"width":4096,"position":0,"assets":[{"petAssetId":1123,"assetId":384,"createdAt":1123,"transformation":"1,0,0,1,-131056,32769","layer":0,"parentId":0,"zIndex":0},{"petAssetId":7219,"assetId":3865,"createdAt":7219,"transformation":"1,0,0,1,-131056,32769","layer":0,"parentId":0,"zIndex":0},{"petAssetId":7353,"assetId":2719,"createdAt":7353,"transformation":"1,0,0,1,-131056,32769","layer":0,"parentId":0,"zIndex":0}]},{"id":"room1","name":"Room room1","isOpened":1,"width":2190,"position":0,"assets":[{"petAssetId":1096,"assetId":31100,"createdAt":1096,"transformation":"1,0,0,1,-131056,32769","layer":0,"parentId":0,"zIndex":0},{"petAssetId":1097,"assetId":31104,"createdAt":1097,"transformation":"1,0,0,1,-131056,32769","layer":0,"parentId":0,"zIndex":0},{"petAssetId":1102,"assetId":1796,"createdAt":1102,"transformation":"1,0,0,1,-131056,33381","layer":378,"parentId":0,"zIndex":0},{"petAssetId":1103,"assetId":2416,"createdAt":1103,"transformation":"1,0,0,1,-131056,33819","layer":106,"parentId":0,"zIndex":0},{"petAssetId":1104,"assetId":12457,"createdAt":1104,"transformation":"1,0,0,1,-131056,33831","layer":415,"parentId":0,"zIndex":0},{"petAssetId":1105,"assetId":115,"createdAt":1105,"transformation":"1,0,0,1,-131056,34167","layer":201,"parentId":0,"zIndex":0},{"petAssetId":1106,"assetId":178,"createdAt":1106,"transformation":"1,0,0,1,-131056,33553","layer":199,"parentId":0,"zIndex":0},{"petAssetId":1108,"assetId":31118,"createdAt":1108,"transformation":"1,0,0,1,-131056,32769","layer":0,"parentId":0,"zIndex":0},{"petAssetId":4115,"assetId":1796,"createdAt":4115,"transformation":"1,0,0,1,1870,394","layer":8,"parentId":0,"zIndex":269},{"petAssetId":4118,"assetId":12222,"createdAt":4118,"transformation":"1,0,0,1,149,147","layer":15,"parentId":8111,"zIndex":516},{"petAssetId":4121,"assetId":2141,"createdAt":4121,"transformation":"1,0,0,1,-131056,33703","layer":246,"parentId":0,"zIndex":0},{"petAssetId":5627,"assetId":27063,"createdAt":5627,"transformation":"1,0,0,1,-131056,36145","layer":54,"parentId":0,"zIndex":0},{"petAssetId":5653,"assetId":58,"createdAt":5653,"transformation":"1,0,0,1,-131056,32968","layer":102,"parentId":0,"zIndex":1105},{"petAssetId":6451,"assetId":827,"createdAt":6451,"transformation":"1,0,0,1,-131056,32850","layer":102,"parentId":0,"zIndex":1105},{"petAssetId":6467,"assetId":12183,"createdAt":6467,"transformation":"1,0,0,1,-131056,33828","layer":201,"parentId":0,"zIndex":0},{"petAssetId":7206,"assetId":1740,"createdAt":7206,"transformation":"1,0,0,1,-131056,33395","layer":228,"parentId":0,"zIndex":0},{"petAssetId":7207,"assetId":795,"createdAt":7207,"transformation":"1,0,0,1,-131056,33001","layer":148,"parentId":0,"zIndex":3113},{"petAssetId":7208,"assetId":795,"createdAt":7208,"transformation":"1,0,0,1,-131056,32850","layer":148,"parentId":0,"zIndex":3113},{"petAssetId":7209,"assetId":5461,"createdAt":7209,"transformation":"1,0,0,1,-131056,33074","layer":198,"parentId":0,"zIndex":0},{"petAssetId":7210,"assetId":5463,"createdAt":7210,"transformation":"1,0,0,1,-131056,32845","layer":201,"parentId":0,"zIndex":0},{"petAssetId":7211,"assetId":5463,"createdAt":7211,"transformation":"1,0,0,1,-131056,33244","layer":201,"parentId":0,"zIndex":0},{"petAssetId":7212,"assetId":1782,"createdAt":7212,"transformation":"1,0,0,1,-131056,33047","layer":438,"parentId":0,"zIndex":0},{"petAssetId":7240,"assetId":6165,"createdAt":7240,"transformation":"1,0,0,1,-131056,33941","layer":253,"parentId":0,"zIndex":0},{"petAssetId":7356,"assetId":27063,"createdAt":7356,"transformation":"1,0,0,1,-131056,32924","layer":148,"parentId":0,"zIndex":3113},{"petAssetId":8102,"assetId":12183,"createdAt":8102,"transformation":"1,0,0,1,1478,221","layer":15,"parentId":0,"zIndex":443},{"petAssetId":8103,"assetId":2141,"createdAt":8103,"transformation":"1,0,0,1,1341,271","layer":16,"parentId":0,"zIndex":4095},{"petAssetId":8104,"assetId":6165,"createdAt":8104,"transformation":"1,0,0,1,1805,260","layer":16,"parentId":0,"zIndex":403},{"petAssetId":8105,"assetId":1782,"createdAt":8105,"transformation":"1,0,0,1,308,435","layer":10,"parentId":0,"zIndex":229},{"petAssetId":8106,"assetId":115,"createdAt":8106,"transformation":"1,0,0,1,823,221","layer":15,"parentId":0,"zIndex":443},{"petAssetId":8107,"assetId":827,"createdAt":8107,"transformation":"1,0,0,1,222,101","layer":15,"parentId":8106,"zIndex":562},{"petAssetId":8108,"assetId":59,"createdAt":8108,"transformation":"1,0,0,1,72,101","layer":15,"parentId":8106,"zIndex":562},{"petAssetId":8109,"assetId":795,"createdAt":8109,"transformation":"1,0,0,1,239,147","layer":15,"parentId":8111,"zIndex":486},{"petAssetId":8110,"assetId":795,"createdAt":8110,"transformation":"1,0,0,1,44,147","layer":15,"parentId":8111,"zIndex":486},{"petAssetId":8111,"assetId":5485,"createdAt":8111,"transformation":"1,0,0,1,319,200","layer":15,"parentId":0,"zIndex":463},{"petAssetId":8112,"assetId":5465,"createdAt":8112,"transformation":"1,0,0,1,527,209","layer":15,"parentId":0,"zIndex":455},{"petAssetId":8113,"assetId":5465,"createdAt":8113,"transformation":"1,0,0,1,107,208","layer":15,"parentId":0,"zIndex":455},{"petAssetId":8114,"assetId":27063,"createdAt":8114,"transformation":"1,0,0,1,130,101","layer":15,"parentId":8106,"zIndex":562},{"petAssetId":8115,"assetId":2416,"createdAt":8115,"transformation":"1,0,0,1,316,142","layer":6,"parentId":0,"zIndex":522},{"petAssetId":8118,"assetId":1740,"createdAt":8118,"transformation":"1,0,0,1,832,259","layer":13,"parentId":0,"zIndex":405},{"petAssetId":8120,"assetId":178,"createdAt":8120,"transformation":"1,0,0,1,1234,221","layer":15,"parentId":0,"zIndex":443},{"petAssetId":8121,"assetId":259,"createdAt":8121,"transformation":"1,0,0,1,2097,214","layer":15,"parentId":0,"zIndex":449},{"petAssetId":8122,"assetId":12185,"createdAt":8122,"transformation":"-1,0,0,1,1814,198","layer":15,"parentId":0,"zIndex":466},{"petAssetId":10647,"assetId":1796,"createdAt":10647,"transformation":"1,0,0,1,815,405","layer":8,"parentId":0,"zIndex":259},{"petAssetId":10648,"assetId":1740,"createdAt":10648,"transformation":"1,0,0,1,1881,243","layer":13,"parentId":0,"zIndex":420},{"petAssetId":10649,"assetId":12457,"createdAt":10649,"transformation":"1,0,0,1,1445,458","layer":10,"parentId":0,"zIndex":205},{"petAssetId":10651,"assetId":22990,"createdAt":10651,"transformation":"1,0,0,1,1474,118","layer":6,"parentId":0,"zIndex":545},{"petAssetId":10652,"assetId":12185,"createdAt":10652,"transformation":"1,0,0,1,1140,201","layer":15,"parentId":0,"zIndex":463}]},{"id":"room2","name":"Room room2","isOpened":1,"width":2190,"position":1,"assets":[]},{"id":"room3","name":"Room room3","isOpened":1,"width":2190,"position":5,"assets":[]},{"id":"room4","name":"Room room4","isOpened":1,"width":1500,"position":6,"assets":[]},{"id":"room5","name":"Room room5","isOpened":1,"width":2190,"position":2,"assets":[]},{"id":"room6","name":"Room room6","isOpened":1,"width":2190,"position":7,"assets":[]},{"id":"room7","name":"Room room7","isOpened":0,"width":4096,"position":0,"assets":[]},{"id":"room8","name":"Room room8","isOpened":0,"width":4096,"position":0,"assets":[]},{"id":"room9","name":"Room room9","isOpened":0,"width":4096,"position":0,"assets":[]},{"id":"room10","name":"Room room10","isOpened":0,"width":4096,"position":0,"assets":[]},{"id":"room11","name":"Room room11","isOpened":0,"width":4096,"position":0,"assets":[]},{"id":"room12","name":"Room room12","isOpened":0,"width":4096,"position":0,"assets":[]},{"id":"room13","name":"Room room13","isOpened":0,"width":4096,"position":0,"assets":[]},{"id":"room14","name":"Room room14","isOpened":0,"width":4096,"position":0,"assets":[]},{"id":"room15","name":"Room room15","isOpened":0,"width":4096,"position":0,"assets":[]},{"id":"room16","name":"Room room16","isOpened":0,"width":4096,"position":0,"assets":[]},{"id":"storage2","name":"Room storage2","isOpened":0,"width":4096,"position":0,"assets":[]},{"id":"storage3","name":"Room storage3","isOpened":0,"width":4096,"position":0,"assets":[]},{"id":"storage4","name":"Room storage4","isOpened":0,"width":4096,"position":0,"assets":[]},{"id":"storage5","name":"Room storage5","isOpened":0,"width":4096,"position":0,"assets":[]},{"id":"storage6","name":"Room storage6","isOpened":0,"width":4096,"position":0,"assets":[]},{"id":"storage7","name":"Room storage7","isOpened":0,"width":4096,"position":0,"assets":[]},{"id":"storage8","name":"Room storage8","isOpened":0,"width":4096,"position":0,"assets":[]},{"id":"storage9","name":"Room storage9","isOpened":0,"width":4096,"position":0,"assets":[]},{"id":"storage10","name":"Room storage10","isOpened":0,"width":4096,"position":0,"assets":[]},{"id":"storage11","name":"Room storage11","isOpened":0,"width":4096,"position":0,"assets":[]},{"id":"closet2","name":"Room closet2","isOpened":0,"width":4096,"position":0,"assets":[]},{"id":"closet3","name":"Room closet3","isOpened":0,"width":4096,"position":0,"assets":[]},{"id":"closet4","name":"Room closet4","isOpened":0,"width":4096,"position":0,"assets":[]},{"id":"closet5","name":"Room closet5","isOpened":0,"width":4096,"position":0,"assets":[]},{"id":"closet6","name":"Room closet6","isOpened":0,"width":4096,"position":0,"assets":[]},{"id":"closet7","name":"Room closet7","isOpened":0,"width":4096,"position":0,"assets":[]},{"id":"closet8","name":"Room closet8","isOpened":0,"width":4096,"position":0,"assets":[]},{"id":"closet9","name":"Room closet9","isOpened":0,"width":4096,"position":0,"assets":[]},{"id":"closet10","name":"Room closet10","isOpened":0,"width":4096,"position":0,"assets":[]},{"id":"closet11","name":"Room closet11","isOpened":0,"width":4096,"position":0,"assets":[]},{"id":"room17","name":"Room room17","isOpened":0,"width":4096,"position":0,"assets":[]},{"id":"room18","name":"Room room18","isOpened":0,"width":4096,"position":0,"assets":[]},{"id":"room19","name":"Room room19","isOpened":0,"width":4096,"position":0,"assets":[]},{"id":"room20","name":"Room room20","isOpened":0,"width":4096,"position":0,"assets":[]},{"id":"room21","name":"Room room21","isOpened":0,"width":4096,"position":0,"assets":[]},{"id":"room22","name":"Room room22","isOpened":0,"width":4096,"position":0,"assets":[]},{"id":"room23","name":"Room room23","isOpened":0,"width":4096,"position":0,"assets":[]},{"id":"room24","name":"Room room24","isOpened":0,"width":4096,"position":0,"assets":[]},{"id":"room25","name":"Room room25","isOpened":0,"width":4096,"position":0,"assets":[]},{"id":"room26","name":"Room room26","isOpened":0,"width":4096,"position":0,"assets":[]},{"id":"room27","name":"Room room27","isOpened":0,"width":4096,"position":0,"assets":[]},{"id":"room28","name":"Room room28","isOpened":0,"width":4096,"position":0,"assets":[]},{"id":"room29","name":"Room room29","isOpened":0,"width":4096,"position":0,"assets":[]},{"id":"room30","name":"Room room30","isOpened":0,"width":4096,"position":0,"assets":[]},{"id":"room31","name":"Room room31","isOpened":0,"width":4096,"position":0,"assets":[]},{"id":"room32","name":"Room room32","isOpened":0,"width":4096,"position":0,"assets":[]},{"id":"room33","name":"Room room33","isOpened":0,"width":4096,"position":0,"assets":[]},{"id":"room34","name":"Room room34","isOpened":0,"width":4096,"position":0,"assets":[]},{"id":"room35","name":"Room room35","isOpened":0,"width":4096,"position":0,"assets":[]},{"id":"room36","name":"Room room36","isOpened":0,"width":4096,"position":0,"assets":[]},{"id":"room37","name":"Room room37","isOpened":0,"width":4096,"position":0,"assets":[]},{"id":"room38","name":"Room room38","isOpened":0,"width":4096,"position":0,"assets":[]},{"id":"room39","name":"Room room39","isOpened":0,"width":4096,"position":0,"assets":[]},{"id":"room40","name":"Room room40","isOpened":0,"width":4096,"position":0,"assets":[]},{"id":"room41","name":"Room room41","isOpened":0,"width":4096,"position":0,"assets":[]},{"id":"room42","name":"Room room42","isOpened":0,"width":4096,"position":0,"assets":[]},{"id":"room43","name":"Room room43","isOpened":0,"width":4096,"position":0,"assets":[]},{"id":"room44","name":"Room room44","isOpened":0,"width":4096,"position":0,"assets":[]},{"id":"room45","name":"Room room45","isOpened":0,"width":4096,"position":0,"assets":[]},{"id":"room46","name":"Room room46","isOpened":0,"width":4096,"position":0,"assets":[]},{"id":"room47","name":"Room room47","isOpened":0,"width":4096,"position":0,"assets":[]},{"id":"room48","name":"Room room48","isOpened":0,"width":4096,"position":0,"assets":[]},{"id":"room49","name":"Room room49","isOpened":0,"width":4096,"position":0,"assets":[]},{"id":"room50","name":"Room room50","isOpened":0,"width":4096,"position":0,"assets":[]},{"id":"room51","name":"Room room51","isOpened":0,"width":4096,"position":0,"assets":[]},{"id":"room52","name":"Room room52","isOpened":0,"width":4096,"position":0,"assets":[]},{"id":"room53","name":"Room room53","isOpened":0,"width":4096,"position":0,"assets":[]},{"id":"room54","name":"Room room54","isOpened":0,"width":4096,"position":0,"assets":[]},{"id":"room55","name":"Room room55","isOpened":0,"width":4096,"position":0,"assets":[]},{"id":"room56","name":"Room room56","isOpened":0,"width":4096,"position":0,"assets":[]},{"id":"room57","name":"Room room57","isOpened":0,"width":4096,"position":0,"assets":[]},{"id":"room58","name":"Room room58","isOpened":0,"width":4096,"position":0,"assets":[]},{"id":"room59","name":"Room room59","isOpened":0,"width":4096,"position":0,"assets":[]},{"id":"room60","name":"Room room60","isOpened":0,"width":4096,"position":0,"assets":[]},{"id":"room61","name":"Room room61","isOpened":0,"width":4096,"position":0,"assets":[]},{"id":"room62","name":"Room room62","isOpened":0,"width":4096,"position":0,"assets":[]},{"id":"room63","name":"Room room63","isOpened":0,"width":4096,"position":0,"assets":[]},{"id":"room64","name":"Room room64","isOpened":0,"width":4096,"position":0,"assets":[]},{"id":"room65","name":"Room room65","isOpened":0,"width":4096,"position":0,"assets":[]},{"id":"room66","name":"Room room66","isOpened":0,"width":4096,"position":0,"assets":[]},{"id":"room67","name":"Room room67","isOpened":0,"width":4096,"position":0,"assets":[]},{"id":"room68","name":"Room room68","isOpened":0,"width":4096,"position":0,"assets":[]},{"id":"room69","name":"Room room69","isOpened":0,"width":4096,"position":0,"assets":[]},{"id":"room70","name":"Room room70","isOpened":0,"width":4096,"position":0,"assets":[]},{"id":"room71","name":"Room room71","isOpened":0,"width":4096,"position":0,"assets":[]},{"id":"room72","name":"Room room72","isOpened":0,"width":4096,"position":0,"assets":[]},{"id":"room73","name":"Room room73","isOpened":0,"width":4096,"position":0,"assets":[]},{"id":"room74","name":"Room room74","isOpened":0,"width":4096,"position":0,"assets":[]},{"id":"room75","name":"Room room75","isOpened":0,"width":4096,"position":0,"assets":[]},{"id":"room76","name":"Room room76","isOpened":0,"width":4096,"position":0,"assets":[]},{"id":"room77","name":"Room room77","isOpened":0,"width":4096,"position":0,"assets":[]},{"id":"room78","name":"Room room78","isOpened":0,"width":4096,"position":0,"assets":[]},{"id":"room79","name":"Room room79","isOpened":0,"width":4096,"position":0,"assets":[]},{"id":"room80","name":"Room room80","isOpened":0,"width":4096,"position":0,"assets":[]},{"id":"room81","name":"Room room81","isOpened":0,"width":4096,"position":0,"assets":[]},{"id":"room82","name":"Room room82","isOpened":0,"width":4096,"position":0,"assets":[]},{"id":"room83","name":"Room room83","isOpened":0,"width":4096,"position":0,"assets":[]},{"id":"room84","name":"Room room84","isOpened":0,"width":4096,"position":0,"assets":[]},{"id":"room85","name":"Room room85","isOpened":0,"width":4096,"position":0,"assets":[]},{"id":"room86","name":"Room room86","isOpened":0,"width":4096,"position":0,"assets":[]},{"id":"room87","name":"Room room87","isOpened":0,"width":4096,"position":0,"assets":[]},{"id":"room88","name":"Room room88","isOpened":0,"width":4096,"position":0,"assets":[]},{"id":"room89","name":"Room room89","isOpened":0,"width":4096,"position":0,"assets":[]},{"id":"room90","name":"Room room90","isOpened":0,"width":4096,"position":0,"assets":[]},{"id":"room91","name":"Room room91","isOpened":0,"width":4096,"position":0,"assets":[]},{"id":"room92","name":"Room room92","isOpened":0,"width":4096,"position":0,"assets":[]},{"id":"room93","name":"Room room93","isOpened":0,"width":4096,"position":0,"assets":[]},{"id":"room94","name":"Room room94","isOpened":0,"width":4096,"position":0,"assets":[]},{"id":"room95","name":"Room room95","isOpened":0,"width":4096,"position":0,"assets":[]},{"id":"room96","name":"Room room96","isOpened":0,"width":4096,"position":0,"assets":[]},{"id":"room97","name":"Room room97","isOpened":0,"width":4096,"position":0,"assets":[]},{"id":"room98","name":"Room room98","isOpened":0,"width":4096,"position":0,"assets":[]},{"id":"room99","name":"Room room99","isOpened":0,"width":4096,"position":0,"assets":[]},{"id":"room100","name":"Room room100","isOpened":0,"width":4096,"position":0,"assets":[]},{"id":"room101","name":"Room room101","isOpened":0,"width":4096,"position":0,"assets":[]},{"id":"room102","name":"Room room102","isOpened":0,"width":4096,"position":0,"assets":[]},{"id":"room103","name":"Room room103","isOpened":0,"width":4096,"position":0,"assets":[]},{"id":"room104","name":"Room room104","isOpened":0,"width":4096,"position":0,"assets":[]},{"id":"room105","name":"Room room105","isOpened":0,"width":4096,"position":0,"assets":[]},{"id":"room106","name":"Room room106","isOpened":0,"width":4096,"position":0,"assets":[]},{"id":"room107","name":"Room room107","isOpened":0,"width":4096,"position":0,"assets":[]},{"id":"room108","name":"Room room108","isOpened":0,"width":4096,"position":0,"assets":[]},{"id":"room109","name":"Room room109","isOpened":0,"width":4096,"position":0,"assets":[]},{"id":"room110","name":"Room room110","isOpened":0,"width":4096,"position":0,"assets":[]},{"id":"room111","name":"Room room111","isOpened":0,"width":4096,"position":0,"assets":[]},{"id":"room112","name":"Room room112","isOpened":0,"width":4096,"position":0,"assets":[]},{"id":"room113","name":"Room room113","isOpened":0,"width":4096,"position":0,"assets":[]},{"id":"room114","name":"Room room114","isOpened":0,"width":4096,"position":0,"assets":[]},{"id":"room115","name":"Room room115","isOpened":0,"width":4096,"position":0,"assets":[]},{"id":"room116","name":"Room room116","isOpened":0,"width":4096,"position":0,"assets":[]},{"id":"room117","name":"Room room117","isOpened":0,"width":4096,"position":0,"assets":[]},{"id":"room118","name":"Room room118","isOpened":0,"width":4096,"position":0,"assets":[]},{"id":"room119","name":"Room room119","isOpened":0,"width":4096,"position":0,"assets":[]},{"id":"room120","name":"Room room120","isOpened":0,"width":4096,"position":0,"assets":[]},{"id":"room121","name":"Room room121","isOpened":0,"width":4096,"position":0,"assets":[]},{"id":"room122","name":"Room room122","isOpened":0,"width":4096,"position":0,"assets":[]},{"id":"room123","name":"Room room123","isOpened":0,"width":4096,"position":0,"assets":[]},{"id":"room124","name":"Room room124","isOpened":0,"width":4096,"position":0,"assets":[]},{"id":"room125","name":"Room room125","isOpened":0,"width":4096,"position":0,"assets":[]},{"id":"room126","name":"Room room126","isOpened":0,"width":4096,"position":0,"assets":[]},{"id":"room127","name":"Room room127","isOpened":0,"width":4096,"position":0,"assets":[]},{"id":"room128","name":"Room room128","isOpened":0,"width":4096,"position":0,"assets":[]},{"id":"room129","name":"Room room129","isOpened":0,"width":4096,"position":0,"assets":[]},{"id":"room130","name":"Room room130","isOpened":0,"width":4096,"position":0,"assets":[]},{"id":"room131","name":"Room room131","isOpened":0,"width":4096,"position":0,"assets":[]},{"id":"room132","name":"Room room132","isOpened":0,"width":4096,"position":0,"assets":[]},{"id":"room133","name":"Room room133","isOpened":0,"width":4096,"position":0,"assets":[]},{"id":"room134","name":"Room room134","isOpened":0,"width":4096,"position":0,"assets":[]},{"id":"room135","name":"Room room135","isOpened":0,"width":4096,"position":0,"assets":[]},{"id":"room136","name":"Room room136","isOpened":0,"width":4096,"position":0,"assets":[]},{"id":"room137","name":"Room room137","isOpened":0,"width":4096,"position":0,"assets":[]},{"id":"room138","name":"Room room138","isOpened":0,"width":4096,"position":0,"assets":[]},{"id":"room139","name":"Room room139","isOpened":0,"width":4096,"position":0,"assets":[]},{"id":"room140","name":"Room room140","isOpened":0,"width":4096,"position":0,"assets":[]},{"id":"room141","name":"Room room141","isOpened":0,"width":4096,"position":0,"assets":[]},{"id":"room142","name":"Room room142","isOpened":0,"width":4096,"position":0,"assets":[]},{"id":"room143","name":"Room room143","isOpened":0,"width":4096,"position":0,"assets":[]},{"id":"room144","name":"Room room144","isOpened":0,"width":4096,"position":0,"assets":[]},{"id":"room145","name":"Room room145","isOpened":0,"width":4096,"position":0,"assets":[]},{"id":"room146","name":"Room room146","isOpened":0,"width":4096,"position":0,"assets":[]},{"id":"room147","name":"Room room147","isOpened":0,"width":4096,"position":0,"assets":[]},{"id":"room148","name":"Room room148","isOpened":0,"width":4096,"position":0,"assets":[]},{"id":"room149","name":"Room room149","isOpened":0,"width":4096,"position":0,"assets":[]},{"id":"room150","name":"Room room150","isOpened":0,"width":4096,"position":0,"assets":[]},{"id":"room151","name":"Room room151","isOpened":0,"width":4096,"position":0,"assets":[]},{"id":"room152","name":"Room room152","isOpened":0,"width":4096,"position":0,"assets":[]},{"id":"room153","name":"Room room153","isOpened":0,"width":4096,"position":0,"assets":[]},{"id":"room154","name":"Room room154","isOpened":0,"width":4096,"position":0,"assets":[]},{"id":"room155","name":"Room room155","isOpened":0,"width":4096,"position":0,"assets":[]},{"id":"room156","name":"Room room156","isOpened":0,"width":4096,"position":0,"assets":[]},{"id":"room157","name":"Room room157","isOpened":0,"width":4096,"position":0,"assets":[]},{"id":"room158","name":"Room room158","isOpened":0,"width":4096,"position":0,"assets":[]},{"id":"room159","name":"Room room159","isOpened":0,"width":4096,"position":0,"assets":[]},{"id":"room160","name":"Room room160","isOpened":0,"width":4096,"position":0,"assets":[]},{"id":"room161","name":"Room room161","isOpened":0,"width":4096,"position":0,"assets":[]},{"id":"room162","name":"Room room162","isOpened":0,"width":4096,"position":0,"assets":[]},{"id":"room163","name":"Room room163","isOpened":0,"width":4096,"position":0,"assets":[]},{"id":"room164","name":"Room room164","isOpened":0,"width":4096,"position":0,"assets":[]},{"id":"room165","name":"Room room165","isOpened":0,"width":4096,"position":0,"assets":[]},{"id":"room166","name":"Room room166","isOpened":0,"width":4096,"position":0,"assets":[]},{"id":"room167","name":"Room room167","isOpened":0,"width":4096,"position":0,"assets":[]},{"id":"room168","name":"Room room168","isOpened":0,"width":4096,"position":0,"assets":[]},{"id":"room169","name":"Room room169","isOpened":0,"width":4096,"position":0,"assets":[]},{"id":"room170","name":"Room room170","isOpened":0,"width":4096,"position":0,"assets":[]},{"id":"room171","name":"Room room171","isOpened":0,"width":4096,"position":0,"assets":[]},{"id":"room172","name":"Room room172","isOpened":0,"width":4096,"position":0,"assets":[]},{"id":"room173","name":"Room room173","isOpened":0,"width":4096,"position":0,"assets":[]},{"id":"room174","name":"Room room174","isOpened":0,"width":4096,"position":0,"assets":[]},{"id":"room175","name":"Room room175","isOpened":0,"width":4096,"position":0,"assets":[]},{"id":"room176","name":"Room room176","isOpened":0,"width":4096,"position":0,"assets":[]},{"id":"room177","name":"Room room177","isOpened":0,"width":4096,"position":0,"assets":[]},{"id":"room178","name":"Room room178","isOpened":0,"width":4096,"position":0,"assets":[]},{"id":"room179","name":"Room room179","isOpened":0,"width":4096,"position":0,"assets":[]},{"id":"room180","name":"Room room180","isOpened":0,"width":4096,"position":0,"assets":[]},{"id":"room181","name":"Room room181","isOpened":0,"width":4096,"position":0,"assets":[]},{"id":"room182","name":"Room room182","isOpened":0,"width":4096,"position":0,"assets":[]},{"id":"room183","name":"Room room183","isOpened":0,"width":4096,"position":0,"assets":[]},{"id":"room184","name":"Room room184","isOpened":0,"width":4096,"position":0,"assets":[]},{"id":"room185","name":"Room room185","isOpened":0,"width":4096,"position":0,"assets":[]},{"id":"room186","name":"Room room186","isOpened":0,"width":4096,"position":0,"assets":[]},{"id":"room187","name":"Room room187","isOpened":0,"width":4096,"position":0,"assets":[]},{"id":"room188","name":"Room room188","isOpened":0,"width":4096,"position":0,"assets":[]},{"id":"room189","name":"Room room189","isOpened":0,"width":4096,"position":0,"assets":[]},{"id":"room190","name":"Room room190","isOpened":0,"width":4096,"position":0,"assets":[]},{"id":"room191","name":"Room room191","isOpened":0,"width":4096,"position":0,"assets":[]},{"id":"room192","name":"Room room192","isOpened":0,"width":4096,"position":0,"assets":[]},{"id":"room193","name":"Room room193","isOpened":0,"width":4096,"position":0,"assets":[]},{"id":"room194","name":"Room room194","isOpened":0,"width":4096,"position":0,"assets":[]},{"id":"room195","name":"Room room195","isOpened":0,"width":4096,"position":0,"assets":[]},{"id":"room196","name":"Room room196","isOpened":0,"width":4096,"position":0,"assets":[]},{"id":"room197","name":"Room room197","isOpened":0,"width":4096,"position":0,"assets":[]},{"id":"room198","name":"Room room198","isOpened":0,"width":4096,"position":0,"assets":[]},{"id":"room199","name":"Room room199","isOpened":0,"width":4096,"position":0,"assets":[]},{"id":"room200","name":"Room room200","isOpened":0,"width":4096,"position":0,"assets":[]},{"id":"room201","name":"Room room201","isOpened":0,"width":4096,"position":0,"assets":[]},{"id":"room202","name":"Room room202","isOpened":0,"width":4096,"position":0,"assets":[]},{"id":"room203","name":"Room room203","isOpened":0,"width":4096,"position":0,"assets":[]},{"id":"room204","name":"Room room204","isOpened":0,"width":4096,"position":0,"assets":[]},{"id":"room205","name":"Room room205","isOpened":0,"width":4096,"position":0,"assets":[]},{"id":"room206","name":"Room room206","isOpened":0,"width":4096,"position":0,"assets":[]},{"id":"room207","name":"Room room207","isOpened":0,"width":4096,"position":0,"assets":[]},{"id":"room208","name":"Room room208","isOpened":0,"width":4096,"position":0,"assets":[]},{"id":"room209","name":"Room room209","isOpened":0,"width":4096,"position":0,"assets":[]},{"id":"room210","name":"Room room210","isOpened":0,"width":4096,"position":0,"assets":[]},{"id":"room211","name":"Room room211","isOpened":0,"width":4096,"position":0,"assets":[]},{"id":"room212","name":"Room room212","isOpened":0,"width":4096,"position":0,"assets":[]},{"id":"room213","name":"Room room213","isOpened":0,"width":4096,"position":0,"assets":[]},{"id":"room214","name":"Room room214","isOpened":0,"width":4096,"position":0,"assets":[]},{"id":"room215","name":"Room room215","isOpened":0,"width":4096,"position":0,"assets":[]},{"id":"room216","name":"Room room216","isOpened":0,"width":4096,"position":0,"assets":[]},{"id":"room217","name":"Room room217","isOpened":0,"width":4096,"position":0,"assets":[]},{"id":"room218","name":"Room room218","isOpened":0,"width":4096,"position":0,"assets":[]},{"id":"room219","name":"Room room219","isOpened":0,"width":4096,"position":0,"assets":[]},{"id":"room220","name":"Room room220","isOpened":0,"width":4096,"position":0,"assets":[]},{"id":"room221","name":"Room room221","isOpened":0,"width":4096,"position":0,"assets":[]},{"id":"room222","name":"Room room222","isOpened":0,"width":4096,"position":0,"assets":[]},{"id":"room223","name":"Room room223","isOpened":0,"width":4096,"position":0,"assets":[]},{"id":"room224","name":"Room room224","isOpened":0,"width":4096,"position":0,"assets":[]},{"id":"room225","name":"Room room225","isOpened":0,"width":4096,"position":0,"assets":[]},{"id":"room226","name":"Room room226","isOpened":0,"width":4096,"position":0,"assets":[]},{"id":"room227","name":"Room room227","isOpened":0,"width":4096,"position":0,"assets":[]},{"id":"room228","name":"Room room228","isOpened":0,"width":4096,"position":0,"assets":[]},{"id":"room229","name":"Room room229","isOpened":0,"width":4096,"position":0,"assets":[]},{"id":"room230","name":"Room room230","isOpened":0,"width":4096,"position":0,"assets":[]},{"id":"room231","name":"Room room231","isOpened":0,"width":4096,"position":0,"assets":[]},{"id":"room232","name":"Room room232","isOpened":0,"width":4096,"position":0,"assets":[]},{"id":"room233","name":"Room room233","isOpened":0,"width":4096,"position":0,"assets":[]},{"id":"room234","name":"Room room234","isOpened":0,"width":4096,"position":0,"assets":[]},{"id":"room235","name":"Room room235","isOpened":0,"width":4096,"position":0,"assets":[]},{"id":"room236","name":"Room room236","isOpened":0,"width":4096,"position":0,"assets":[]},{"id":"room237","name":"Room room237","isOpened":0,"width":4096,"position":0,"assets":[]},{"id":"room238","name":"Room room238","isOpened":0,"width":4096,"position":0,"assets":[]},{"id":"room239","name":"Room room239","isOpened":0,"width":4096,"position":0,"assets":[]},{"id":"room240","name":"Room room240","isOpened":0,"width":4096,"position":0,"assets":[]},{"id":"room241","name":"Room room241","isOpened":0,"width":4096,"position":0,"assets":[]},{"id":"room242","name":"Room room242","isOpened":0,"width":4096,"position":0,"assets":[]},{"id":"room243","name":"Room room243","isOpened":0,"width":4096,"position":0,"assets":[]},{"id":"room244","name":"Room room244","isOpened":0,"width":4096,"position":0,"assets":[]},{"id":"room245","name":"Room room245","isOpened":0,"width":4096,"position":0,"assets":[]},{"id":"room246","name":"Room room246","isOpened":0,"width":4096,"position":0,"assets":[]},{"id":"room247","name":"Room room247","isOpened":0,"width":4096,"position":0,"assets":[]},{"id":"room248","name":"Room room248","isOpened":0,"width":4096,"position":0,"assets":[]},{"id":"room249","name":"Room room249","isOpened":0,"width":4096,"position":0,"assets":[]},{"id":"room250","name":"Room room250","isOpened":0,"width":4096,"position":0,"assets":[]},{"id":null,"name":"Room ","isOpened":0,"width":4096,"position":0,"assets":[]},{"id":null,"name":"Room ","isOpened":0,"width":4096,"position":0,"assets":[]},{"id":null,"name":"Room ","isOpened":0,"width":4096,"position":0,"assets":[]},{"id":null,"name":"Room ","isOpened":0,"width":4096,"position":0,"assets":[]},{"id":null,"name":"Room ","isOpened":0,"width":4096,"position":0,"assets":[]},{"id":null,"name":"Room ","isOpened":0,"width":4096,"position":0,"assets":[]},{"id":null,"name":"Room ","isOpened":0,"width":4096,"position":0,"assets":[]},{"id":null,"name":"Room ","isOpened":0,"width":4096,"position":0,"assets":[]},{"id":null,"name":"Room ","isOpened":0,"width":4096,"position":0,"assets":[]},{"id":null,"name":"Room ","isOpened":0,"width":4096,"position":0,"assets":[]}]}]}}